Node ID,Node Path,Query,Refinement Link
2619534011,Pet Supplies,,
2975221011,Pet Supplies/Birds,,
23763993011,Pet Supplies/Birds/Bird Diapers,item_type_keyword:pet-diapers AND target_audience_keywords:birds,
23763992011,Pet Supplies/Birds/Birdcage Accessories,item_type_keyword:birdcage-accessories AND target_audience_keywords:birds,
2975228011,Pet Supplies/Birds/Birdcage Accessories/Bedding & Litter,item_type_keyword:bird-cage-litter-and-bedding,
2975223011,Pet Supplies/Birds/Birdcage Accessories/Bird Baths,item_type_keyword:pet-baths AND target_audience_keywords:birds,
2975224011,Pet Supplies/Birds/Birdcage Accessories/Birdcage Covers,item_type_keyword:birdcage-covers AND target_audience_keywords:birds,
20933927011,Pet Supplies/Birds/Birdcage Accessories/Birdcage Liners,item_type_keyword:birdcage-liners AND target_audience_keywords:birds,
2975225011,Pet Supplies/Birds/Birdcage Accessories/Birdcage Stands,item_type_keyword:birdcage-stands AND target_audience_keywords:birds,
2975227011,Pet Supplies/Birds/Birdcage Accessories/Ladders,item_type_keyword:bird-ladders AND target_audience_keywords:birds,See all available refinements
23764005011,Pet Supplies/Birds/Birdcage Accessories/Lighting,item_type_keyword:pet-habitat-lights AND target_audience_keywords:birds,See all available refinements
2975229011,Pet Supplies/Birds/Birdcage Accessories/Nests,item_type_keyword:bird-nests AND target_audience_keywords:birds,
2975230011,Pet Supplies/Birds/Birdcage Accessories/Perches,item_type_keyword:bird-perches AND target_audience_keywords:birds,
2975231011,Pet Supplies/Birds/Birdcage Accessories/Seed Guards & Catchers,item_type_keyword:birdcage-seed-guards-and-catchers AND target_audience_keywords:birds,
2975232011,Pet Supplies/Birds/Birdcage Accessories/Swings,item_type_keyword:bird-swings AND target_audience_keywords:birds,See all available refinements
2975226011,Pet Supplies/Birds/Birdcages,item_type_keyword:birdcages AND target_audience_keywords:birds,See all available refinements
2975233011,Pet Supplies/Birds/Carriers,item_type_keyword:pet-carriers AND target_audience_keywords:birds,See all available refinements
2975234011,Pet Supplies/Birds/Feeding & Watering Supplies,item_type_keyword:pet-feeding-and-watering-supplies AND target_audience_keywords:birds,
2975235011,Pet Supplies/Birds/Feeding & Watering Supplies/Feeders,item_type_keyword:pet-bird-feeders AND target_audience_keywords:birds,See all available refinements
2975236011,Pet Supplies/Birds/Feeding & Watering Supplies/Hand-Feeding Tools,item_type_keyword:pet-hand-feeding-tools AND target_audience_keywords:birds,
2975237011,Pet Supplies/Birds/Feeding & Watering Supplies/Water Bottles,item_type_keyword:pet-water-bottles AND target_audience_keywords:birds,
2975238011,Pet Supplies/Birds/Food,item_type_keyword:pet-food AND target_audience_keywords:birds,See all available refinements
2975239011,Pet Supplies/Birds/Health Supplies,item_type_keyword:pet-health-care-supplies AND target_audience_keywords:birds,
2975240011,Pet Supplies/Birds/Toys,item_type_keyword:pet-toys AND target_audience_keywords:birds,See all available refinements
3024125011,Pet Supplies/Birds/Treats,item_type_keyword:edible-pet-treats AND target_audience_keywords:birds,See all available refinements
2975241011,Pet Supplies/Cats,,
2975242011,Pet Supplies/Cats/Apparel,item_type_keyword:pet-apparel AND target_audience_keywords:house-cats,See all available refinements
2975243011,Pet Supplies/Cats/Beds & Furniture,item_type_keyword:pet-furniture AND target_audience_keywords:house-cats,See all available refinements
3024127011,Pet Supplies/Cats/Beds & Furniture/Bed Mats,item_type_keyword:pet-bed-mats AND target_audience_keywords:house-cats,See all available refinements
23764003011,Pet Supplies/Cats/Beds & Furniture/Bedding,,See all available refinements
2975245011,Pet Supplies/Cats/Beds & Furniture/Bedding/Bed Blankets,item_type_keyword:pet-bed-blankets AND target_audience_keywords:house-cats,See all available refinements
3024126011,Pet Supplies/Cats/Beds & Furniture/Bedding/Bed Liners,item_type_keyword:pet-bed-liners AND target_audience_keywords:house-cats,See all available refinements
3024128011,Pet Supplies/Cats/Beds & Furniture/Beds,item_type_keyword:pet-beds AND target_audience_keywords:house-cats,See all available refinements
2975246011,Pet Supplies/Cats/Beds & Furniture/Cat Houses & Condos,item_type_keyword:cat-houses-and-condos AND target_audience_keywords:house-cats,See all available refinements
17602457011,Pet Supplies/Cats/Beds & Furniture/Hammocks,item_type_keyword:pet-hammocks AND target_audience_keywords:house-cats,See all available refinements
17602458011,Pet Supplies/Cats/Beds & Furniture/Scratcher Accessories & Parts,item_type_keyword:pet-scratcher-accessories-and-parts AND target_audience_keywords:house-cats,See all available refinements
23764004011,Pet Supplies/Cats/Beds & Furniture/Scratching Barrels,item_type_keyword:scratching-barrels AND target_audience_keywords:house-cats,See all available refinements
3024130011,Pet Supplies/Cats/Beds & Furniture/Scratching Pads,item_type_keyword:scratching-pads AND target_audience_keywords:house-cats,See all available refinements
2975247011,Pet Supplies/Cats/Beds & Furniture/Scratching Posts,item_type_keyword:scratching-posts AND target_audience_keywords:house-cats,See all available refinements
3024129011,Pet Supplies/Cats/Beds & Furniture/Sofas,item_type_keyword:pet-sofas-and-chairs AND target_audience_keywords:house-cats,See all available refinements
3024138011,Pet Supplies/Cats/Beds & Furniture/Stairs & Steps,item_type_keyword:pet-stairs-and-steps AND target_audience_keywords:house-cats,See all available refinements
2975248011,Pet Supplies/Cats/Beds & Furniture/Trees,item_type_keyword:cat-trees AND target_audience_keywords:house-cats,See all available refinements
2975249011,Pet Supplies/Cats/Beds & Furniture/Window Perches,item_type_keyword:pet-window-perches AND target_audience_keywords:house-cats,See all available refinements
17440052011,Pet Supplies/Cats/Cameras & Monitors,item_type_keyword:pet-cameras-and-monitors AND target_audience_keywords:pets,See all available refinements
2975250011,Pet Supplies/Cats/Carriers & Strollers,,See all available refinements
3024131011,Pet Supplies/Cats/Carriers & Strollers/Carriers,,See all available refinements
3024132011,Pet Supplies/Cats/Carriers & Strollers/Carriers/Hard-Sided Carriers,item_type_keyword:hard-sided-pet-carriers AND target_audience_keywords:house-cats,See all available refinements
3024133011,Pet Supplies/Cats/Carriers & Strollers/Carriers/Soft-Sided Carriers,item_type_keyword:soft-sided-pet-carriers AND target_audience_keywords:house-cats,See all available refinements
3024134011,Pet Supplies/Cats/Carriers & Strollers/Strollers,item_type_keyword:pet-carrier-strollers AND target_audience_keywords:house-cats,See all available refinements
23763991011,"Pet Supplies/Cats/Cat Doors, Steps, Nets & Pens",,
3024136011,"Pet Supplies/Cats/Cat Doors, Steps, Nets & Pens/Balcony Nets",item_type_keyword:pet-balcony-nets AND target_audience_keywords:house-cats,
3024137011,"Pet Supplies/Cats/Cat Doors, Steps, Nets & Pens/Cat Doors",item_type_keyword:pet-doors AND target_audience_keywords:house-cats,See all available refinements
17440056011,"Pet Supplies/Cats/Cat Doors, Steps, Nets & Pens/Electronic Cat Doors",item_type_keyword:electronic-pet-doors AND target_audience_keywords:house-cats,See all available refinements
23764002011,"Pet Supplies/Cats/Cat Doors, Steps, Nets & Pens/Enclosures",item_type_keyword:pet-enclosures AND target_audience_keywords:house-cats,See all available refinements
23764001011,"Pet Supplies/Cats/Cat Doors, Steps, Nets & Pens/Playpens",item_type_keyword:pet-playpens AND target_audience_keywords:house-cats,See all available refinements
2975252011,"Pet Supplies/Cats/Collars, Harnesses & Leashes",,See all available refinements
6602295011,"Pet Supplies/Cats/Collars, Harnesses & Leashes/Accessories",item_type_keyword:pet-collar-accessories AND target_audience_keywords:house-cats,See all available refinements
7871525011,"Pet Supplies/Cats/Collars, Harnesses & Leashes/Collar Bells",item_type_keyword:pet-collar-bells AND target_audience_keywords:house-cats,See all available refinements
3024141011,"Pet Supplies/Cats/Collars, Harnesses & Leashes/Collar Charms",item_type_keyword:pet-collar-charms AND target_audience_keywords:house-cats,See all available refinements
7871527011,"Pet Supplies/Cats/Collars, Harnesses & Leashes/Collar Lights",item_type_keyword:pet-collar-lights AND target_audience_keywords:house-cats,See all available refinements
2975253011,"Pet Supplies/Cats/Collars, Harnesses & Leashes/Collars",item_type_keyword:pet-collars AND target_audience_keywords:house-cats,See all available refinements
2975281011,"Pet Supplies/Cats/Collars, Harnesses & Leashes/Flea Collars",item_type_keyword:pet-flea-and-tick-collars AND target_audience_keywords:house-cats,
2975254011,"Pet Supplies/Cats/Collars, Harnesses & Leashes/Harnesses",item_type_keyword:pet-harnesses AND target_audience_keywords:house-cats,See all available refinements
2975255011,"Pet Supplies/Cats/Collars, Harnesses & Leashes/ID Tags",item_type_keyword:pet-identification-tags AND target_audience_keywords:house-cats,See all available refinements
2975256011,"Pet Supplies/Cats/Collars, Harnesses & Leashes/Leashes",item_type_keyword:pet-leashes AND target_audience_keywords:house-cats,See all available refinements
17440053011,"Pet Supplies/Cats/Collars, Harnesses & Leashes/Location & Activity Trackers",item_type_keyword:pet-location-and-activity-trackers AND target_audience_keywords:pets,See all available refinements
2975259011,Pet Supplies/Cats/Feeding & Watering Supplies,item_type_keyword:pet-feeding-and-watering-supplies AND target_audience_keywords:house-cats,See all available refinements
2975260011,Pet Supplies/Cats/Feeding & Watering Supplies/Automatic Feeders,item_type_keyword:pet-self-feeders AND target_audience_keywords:house-cats,See all available refinements
17592594011,Pet Supplies/Cats/Feeding & Watering Supplies/Bowls & Dishes,,See all available refinements
2975261011,Pet Supplies/Cats/Feeding & Watering Supplies/Bowls & Dishes/Basic Bowls,item_type_keyword:pet-bowls AND target_audience_keywords:house-cats,See all available refinements
17592595011,Pet Supplies/Cats/Feeding & Watering Supplies/Bowls & Dishes/Raised Bowls,item_type_keyword:raised-pet-bowls AND target_audience_keywords:house-cats,See all available refinements
17602460011,Pet Supplies/Cats/Feeding & Watering Supplies/Bowls & Dishes/Slow Feeders,item_type_keyword:slow-pet-feeders AND target_audience_keywords:house-cats,See all available refinements
17592596011,Pet Supplies/Cats/Feeding & Watering Supplies/Bowls & Dishes/Travel Bowls,item_type_keyword:pet-travel-bowls AND target_audience_keywords:house-cats,See all available refinements
14828690011,Pet Supplies/Cats/Feeding & Watering Supplies/Feeding Mats,item_type_keyword:pet-food-mats AND target_audience_keywords:house-cats,See all available refinements
2975262011,Pet Supplies/Cats/Feeding & Watering Supplies/Food Storage,item_type_keyword:pet-food-storage-products AND target_audience_keywords:house-cats,See all available refinements
2975263011,Pet Supplies/Cats/Feeding & Watering Supplies/Fountains,item_type_keyword:pet-self-waterers AND target_audience_keywords:house-cats,See all available refinements
2975264011,Pet Supplies/Cats/Feeding & Watering Supplies/Nursing Supplies,item_type_keyword:pet-nursing-supplies AND target_audience_keywords:house-cats,See all available refinements
2975280011,Pet Supplies/Cats/Flea & Tick Control,item_type_keyword:pet-pest-control-supplies AND target_audience_keywords:house-cats,
3024156011,Pet Supplies/Cats/Flea & Tick Control/Carpet Flea Powders & Sprays,item_type_keyword:carpet-flea-powders-and-sprays AND target_audience_keywords:house-cats,
2975284011,Pet Supplies/Cats/Flea & Tick Control/Cat Flea Powders,item_type_keyword:pet-flea-and-tick-powders AND target_audience_keywords:house-cats,
2975285011,Pet Supplies/Cats/Flea & Tick Control/Cat Flea Sprays,item_type_keyword:pet-flea-and-tick-sprays AND target_audience_keywords:house-cats,
2975281011,Pet Supplies/Cats/Flea & Tick Control/Flea Collars,item_type_keyword:pet-flea-and-tick-collars AND target_audience_keywords:house-cats,
2975282011,Pet Supplies/Cats/Flea & Tick Control/Flea Combs,item_type_keyword:pet-flea-combs AND target_audience_keywords:house-cats,See all available refinements
3024160011,Pet Supplies/Cats/Flea & Tick Control/Flea Drops,item_type_keyword:pet-flea-drops AND target_audience_keywords:house-cats,
2975283011,Pet Supplies/Cats/Flea & Tick Control/Flea Shampoos,item_type_keyword:pet-flea-control-shampoos AND target_audience_keywords:house-cats,
2975286011,Pet Supplies/Cats/Flea & Tick Control/Tick Remover Tools,item_type_keyword:pet-tick-removers AND target_audience_keywords:house-cats,
2975265011,Pet Supplies/Cats/Food,item_type_keyword:pet-food AND target_audience_keywords:house-cats,See all available refinements
6514361011,Pet Supplies/Cats/Food/Dehydrated,item_type_keyword:dehydrated-pet-food AND target_audience_keywords:house-cats,See all available refinements
2975266011,Pet Supplies/Cats/Food/Dry,item_type_keyword:dry-pet-food AND target_audience_keywords:house-cats,See all available refinements
6514363011,Pet Supplies/Cats/Food/Food Toppers,item_type_keyword:pet-food-toppers AND target_audience_keywords:cats,See all available refinements
6514362011,Pet Supplies/Cats/Food/Freeze-Dried,item_type_keyword:freeze-dried-pet-food AND target_audience_keywords:house-cats,See all available refinements
7239526011,Pet Supplies/Cats/Food/Frozen,item_type_keyword:frozen-pet-food AND target_audience_keywords:house-cats,See all available refinements
2975291011,Pet Supplies/Cats/Food/Milk Replacers,item_type_keyword:pet-milk-replacers AND target_audience_keywords:house-cats,See all available refinements
2975267011,Pet Supplies/Cats/Food/Wet,item_type_keyword:wet-pet-food AND target_audience_keywords:house-cats,See all available refinements
6514357011,Pet Supplies/Cats/Food/Wet/Canned,item_type_keyword:canned-wet-pet-food AND target_audience_keywords:cats,See all available refinements
6514358011,Pet Supplies/Cats/Food/Wet/Pouches,item_type_keyword:wet-pet-food-pouches AND target_audience_keywords:cats,See all available refinements
6514359011,Pet Supplies/Cats/Food/Wet/Rolls,item_type_keyword:wet-pet-food-rolls AND target_audience_keywords:cats,See all available refinements
2975268011,Pet Supplies/Cats/Grooming,item_type_keyword:pet-grooming-supplies AND target_audience_keywords:house-cats,
2975270011,Pet Supplies/Cats/Grooming/Brushes,item_type_keyword:pet-brushes AND target_audience_keywords:house-cats,See all available refinements
2975271011,Pet Supplies/Cats/Grooming/Claw Care,item_type_keyword:pet-nail-clippers AND target_audience_keywords:house-cats,
2975272011,Pet Supplies/Cats/Grooming/Combs,item_type_keyword:pet-combs AND target_audience_keywords:house-cats,See all available refinements
2975273011,Pet Supplies/Cats/Grooming/Dander Remover Sprays,item_type_keyword:pet-dander-remover-sprays AND target_audience_keywords:house-cats,
3024145011,Pet Supplies/Cats/Grooming/Electric Clippers & Blades,,
23711854011,Pet Supplies/Cats/Grooming/Electric Clippers & Blades/Electric Clipper Kits,item_type_keyword:pet-grooming-clipper-sets AND target_audience_keywords:cats,
3024146011,Pet Supplies/Cats/Grooming/Electric Clippers & Blades/Electric Clippers,item_type_keyword:pet-grooming-clippers AND target_audience_keywords:house-cats,See all available refinements
3024147011,Pet Supplies/Cats/Grooming/Electric Clippers & Blades/Replacement Blades,item_type_keyword:pet-grooming-clipper-blades AND target_audience_keywords:house-cats,
3024148011,Pet Supplies/Cats/Grooming/Hair Removal Mitts & Rollers,item_type_keyword:pet-hair-removers AND target_audience_keywords:house-cats,
3024149011,Pet Supplies/Cats/Grooming/Scissors,item_type_keyword:pet-grooming-scissors AND target_audience_keywords:house-cats,See all available refinements
2975274011,Pet Supplies/Cats/Grooming/Shampoos & Conditioners,,See all available refinements
3024150011,Pet Supplies/Cats/Grooming/Shampoos & Conditioners/Conditioners,item_type_keyword:pet-conditioners AND target_audience_keywords:house-cats,See all available refinements
3024151011,Pet Supplies/Cats/Grooming/Shampoos & Conditioners/Shampoos,item_type_keyword:pet-shampoos AND target_audience_keywords:house-cats,See all available refinements
3024152011,Pet Supplies/Cats/Grooming/Shampoos & Conditioners/Shampoos Plus Conditioners,item_type_keyword:pet-shampoos-plus-conditioners AND target_audience_keywords:house-cats,See all available refinements
2975269011,Pet Supplies/Cats/Grooming/Shedding Tools,item_type_keyword:pet-shedding-tools AND target_audience_keywords:house-cats,
19163264011,Pet Supplies/Cats/Grooming/Styptic Gels & Powders,,
19163265011,Pet Supplies/Cats/Grooming/Styptic Gels & Powders/Styptic Gels,item_type_keyword:pet-styptic-gels,
19163266011,Pet Supplies/Cats/Grooming/Styptic Gels & Powders/Styptic Powders,item_type_keyword:pet-styptic-powders,
2975276011,Pet Supplies/Cats/Health Supplies,item_type_keyword:pet-health-care-supplies AND target_audience_keywords:house-cats,
2975277011,Pet Supplies/Cats/Health Supplies/Dental Care,item_type_keyword:pet-dental-care-supplies AND target_audience_keywords:house-cats,
2975278011,Pet Supplies/Cats/Health Supplies/Digestive Remedies,item_type_keyword:pet-digestive-remedies AND target_audience_keywords:house-cats,
2975279011,Pet Supplies/Cats/Health Supplies/Ear Care,item_type_keyword:pet-ear-care-supplies AND target_audience_keywords:house-cats,
3024155011,Pet Supplies/Cats/Health Supplies/Eye Care,item_type_keyword:pet-eye-care-supplies AND target_audience_keywords:house-cats,
2975288011,Pet Supplies/Cats/Health Supplies/Hairball Remedy Pastes & Gels,item_type_keyword:cat-hairball-remedies AND target_audience_keywords:house-cats,
3024163011,Pet Supplies/Cats/Health Supplies/Hip & Joint Care,item_type_keyword:pet-hip-and-joint-care AND target_audience_keywords:house-cats,
2975287011,Pet Supplies/Cats/Health Supplies/Insect Repellents,item_type_keyword:pet-insect-repellents AND target_audience_keywords:house-cats,
2975290011,Pet Supplies/Cats/Health Supplies/Itch Remedies,item_type_keyword:pet-itch-remedies AND target_audience_keywords:house-cats,
2975291011,Pet Supplies/Cats/Health Supplies/Milk Replacers,item_type_keyword:pet-milk-replacers AND target_audience_keywords:house-cats,See all available refinements
2975292011,Pet Supplies/Cats/Health Supplies/Recovery Collars & Cones,item_type_keyword:pet-recovery-collars AND target_audience_keywords:house-cats,
2975293011,Pet Supplies/Cats/Health Supplies/Relaxants,item_type_keyword:pet-relaxants AND target_audience_keywords:house-cats,
2975294011,Pet Supplies/Cats/Health Supplies/Supplements & Vitamins,item_type_keyword:pet-supplements-and-vitamins AND target_audience_keywords:house-cats,
3024161011,Pet Supplies/Cats/Health Supplies/Supplements & Vitamins/Amino Acids,item_type_keyword:pet-amino-acids AND target_audience_keywords:house-cats,See all available refinements
3024162011,Pet Supplies/Cats/Health Supplies/Supplements & Vitamins/Antioxidants,item_type_keyword:pet-antioxidant-nutritional-supplements AND target_audience_keywords:house-cats,See all available refinements
3024164011,Pet Supplies/Cats/Health Supplies/Supplements & Vitamins/Fish Oil Supplements,item_type_keyword:pet-fish-oil-nutritional-supplements AND target_audience_keywords:house-cats,See all available refinements
3024165011,Pet Supplies/Cats/Health Supplies/Supplements & Vitamins/Herbal Supplements,item_type_keyword:pet-herbal-supplements AND target_audience_keywords:house-cats,See all available refinements
3024166011,Pet Supplies/Cats/Health Supplies/Supplements & Vitamins/Multivitamins,item_type_keyword:pet-multivitamins AND target_audience_keywords:house-cats,
3024167011,Pet Supplies/Cats/Health Supplies/Supplements & Vitamins/Probiotics,item_type_keyword:pet-probiotic-nutritional-supplements AND target_audience_keywords:house-cats,See all available refinements
2975295011,Pet Supplies/Cats/Health Supplies/Wormers,item_type_keyword:pet-wormers AND target_audience_keywords:house-cats,
2975296011,Pet Supplies/Cats/Litter & Housebreaking,item_type_keyword:pet-litter-and-house-breaking-aids AND target_audience_keywords:house-cats,
2975298011,Pet Supplies/Cats/Litter & Housebreaking/Litter,item_type_keyword:pet-litter AND target_audience_keywords:house-cats,See all available refinements
17592597011,Pet Supplies/Cats/Litter & Housebreaking/Litter Box Enclosures,item_type_keyword:litter-box-enclosures AND target_audience_keywords:house-cats,
3024168011,Pet Supplies/Cats/Litter & Housebreaking/Litter Box Liners,item_type_keyword:litter-box-liners AND target_audience_keywords:house-cats,See all available refinements
2975299011,Pet Supplies/Cats/Litter & Housebreaking/Litter Boxes,item_type_keyword:litter-boxes AND target_audience_keywords:house-cats,See all available refinements
17602463011,Pet Supplies/Cats/Litter & Housebreaking/Litter Boxes/Disposable Litter Boxes,item_type_keyword:disposable-litter-boxes AND target_audience_keywords:house-cats,See all available refinements
17602464011,Pet Supplies/Cats/Litter & Housebreaking/Litter Boxes/Self-Cleaning Litter Boxes,item_type_keyword:self-cleaning-litter-boxes AND target_audience_keywords:house-cats,See all available refinements
17602462011,Pet Supplies/Cats/Litter & Housebreaking/Litter Boxes/Standard Litter Boxes,item_type_keyword:standard-litter-boxes AND target_audience_keywords:house-cats,See all available refinements
17295526011,Pet Supplies/Cats/Litter & Housebreaking/Litter Mats,item_type_keyword:litter-mats AND target_audience_keywords:house-cats,See all available refinements
2975300011,Pet Supplies/Cats/Litter & Housebreaking/Litter Scoops,item_type_keyword:litter-scoops AND target_audience_keywords:house-cats,See all available refinements
21232549011,Pet Supplies/Cats/Litter & Housebreaking/Litter Waste Receptacle Refills,item_type_keyword:pet-litter-waste-receptacle-refills AND target_audience_keywords:house-cats,
17602461011,Pet Supplies/Cats/Litter & Housebreaking/Litter Waste Receptacles,item_type_keyword:pet-litter-waste-receptacles AND target_audience_keywords:house-cats,See all available refinements
2975301011,Pet Supplies/Cats/Litter & Housebreaking/Odor & Stain Removers,,
23701644011,Pet Supplies/Cats/Litter & Housebreaking/Odor & Stain Removers/Odor Removers,item_type_keyword:pet-odor-removers AND target_audience_keywords:house-cats,
23701643011,Pet Supplies/Cats/Litter & Housebreaking/Odor & Stain Removers/Stain Removers,item_type_keyword:pet-stain-removers AND target_audience_keywords:house-cats,See all available refinements
17602466011,Pet Supplies/Cats/Litter & Housebreaking/Replacement Filters,item_type_keyword:litter-box-replacement-filters AND target_audience_keywords:house-cats,
17602465011,Pet Supplies/Cats/Litter & Housebreaking/Toilet Training Systems,item_type_keyword:pet-toilet-training-systems AND target_audience_keywords:house-cats,
14051749011,Pet Supplies/Cats/Litter & Housebreaking/Urine Detectors,item_type_keyword:black-light-flashlights AND target_audience_keywords:pets,
2975302011,Pet Supplies/Cats/Memorials & Funerary,item_type_keyword:pet-memorial-products AND target_audience_keywords:house-cats,
2975258011,Pet Supplies/Cats/Repellents & Training Aids,item_type_keyword:pet-behavior-deterrent-products AND target_audience_keywords:house-cats,
3024142011,Pet Supplies/Cats/Repellents & Training Aids/Repellent Mats,item_type_keyword:pet-deterrent-mats AND target_audience_keywords:house-cats,
3024143011,Pet Supplies/Cats/Repellents & Training Aids/Sonic Repellents,item_type_keyword:sonic-pet-repellents AND target_audience_keywords:house-cats,
3024144011,Pet Supplies/Cats/Repellents & Training Aids/Spray Repellents,item_type_keyword:pet-deterrent-sprays AND target_audience_keywords:house-cats,
2975303011,Pet Supplies/Cats/Toys,item_type_keyword:pet-toys AND target_audience_keywords:house-cats,See all available refinements
2975304011,Pet Supplies/Cats/Toys/Balls,item_type_keyword:pet-toy-balls AND target_audience_keywords:house-cats,See all available refinements
2975305011,Pet Supplies/Cats/Toys/Catnip Toys,item_type_keyword:catnip-toys AND target_audience_keywords:house-cats,See all available refinements
2975306011,Pet Supplies/Cats/Toys/Feather Toys,item_type_keyword:pet-feather-toys AND target_audience_keywords:house-cats,See all available refinements
23690012011,Pet Supplies/Cats/Toys/Interactive Toys,item_type_keyword:pet-interactive-toys,See all available refinements
2975308011,Pet Supplies/Cats/Toys/Mice & Animal Toys,item_type_keyword:pet-mice-and-animal-toys AND target_audience_keywords:house-cats,See all available refinements
23690011011,Pet Supplies/Cats/Toys/Plush Toys,item_type_keyword:plush-pet-toys AND target_audience_keywords:house-cats,See all available refinements
17592598011,Pet Supplies/Cats/Toys/Tunnels,item_type_keyword:pet-tunnels AND target_audience_keywords:house-cats,See all available refinements
2975309011,Pet Supplies/Cats/Treats,item_type_keyword:edible-pet-treats AND target_audience_keywords:house-cats,See all available refinements
2975310011,Pet Supplies/Cats/Treats/Catnip,item_type_keyword:catnip-treats AND target_audience_keywords:house-cats,See all available refinements
2975311011,Pet Supplies/Cats/Treats/Snacks,item_type_keyword:pet-snack-treats AND target_audience_keywords:house-cats,See all available refinements
2975312011,Pet Supplies/Dogs,,
2975313011,Pet Supplies/Dogs/Apparel & Accessories,item_type_keyword:pet-apparel AND target_audience_keywords:dogs,See all available refinements
2975314011,Pet Supplies/Dogs/Apparel & Accessories/Backpacks,item_type_keyword:pet-backpacks AND target_audience_keywords:dogs,See all available refinements
2975315011,Pet Supplies/Dogs/Apparel & Accessories/Bandanas,item_type_keyword:pet-bandanas AND target_audience_keywords:dogs,See all available refinements
2975316011,Pet Supplies/Dogs/Apparel & Accessories/Boots & Paw Protectors,,See all available refinements
3024169011,Pet Supplies/Dogs/Apparel & Accessories/Boots & Paw Protectors/Boots,item_type_keyword:pet-boots AND target_audience_keywords:dogs,See all available refinements
3024170011,Pet Supplies/Dogs/Apparel & Accessories/Boots & Paw Protectors/Paw Protectors,item_type_keyword:pet-paw-protectors AND target_audience_keywords:dogs,See all available refinements
3024171011,Pet Supplies/Dogs/Apparel & Accessories/Cold Weather Coats,item_type_keyword:pet-coats AND target_audience_keywords:dogs,See all available refinements
2975318011,Pet Supplies/Dogs/Apparel & Accessories/Costumes,item_type_keyword:pet-costumes AND target_audience_keywords:dogs,See all available refinements
2975319011,Pet Supplies/Dogs/Apparel & Accessories/Dresses,item_type_keyword:pet-dresses AND target_audience_keywords:dogs,See all available refinements
2975320011,Pet Supplies/Dogs/Apparel & Accessories/Hair Accessories,item_type_keyword:pet-hair-accessories AND target_audience_keywords:dogs,See all available refinements
2975321011,Pet Supplies/Dogs/Apparel & Accessories/Hats,item_type_keyword:pet-hats AND target_audience_keywords:dogs,See all available refinements
3024172011,Pet Supplies/Dogs/Apparel & Accessories/Hoodies,item_type_keyword:pet-hoodies AND target_audience_keywords:dogs,See all available refinements
3024173011,Pet Supplies/Dogs/Apparel & Accessories/Lifejackets,item_type_keyword:pet-lifejackets AND target_audience_keywords:dogs,See all available refinements
2975322011,Pet Supplies/Dogs/Apparel & Accessories/Necklaces & Pendants,item_type_keyword:pet-necklaces-and-pendants AND target_audience_keywords:dogs,See all available refinements
3024174011,Pet Supplies/Dogs/Apparel & Accessories/Raincoats,item_type_keyword:pet-raincoats AND target_audience_keywords:dogs,See all available refinements
3024175011,Pet Supplies/Dogs/Apparel & Accessories/Shirts,item_type_keyword:pet-shirts AND target_audience_keywords:dogs,See all available refinements
2975325011,Pet Supplies/Dogs/Apparel & Accessories/Sunglasses,item_type_keyword:pet-sunglasses AND target_audience_keywords:dogs,See all available refinements
3024176011,Pet Supplies/Dogs/Apparel & Accessories/Sweaters,item_type_keyword:pet-sweaters AND target_audience_keywords:dogs,See all available refinements
2975326011,Pet Supplies/Dogs/Beds & Furniture,item_type_keyword:pet-furniture AND target_audience_keywords:dogs,See all available refinements
3024177011,Pet Supplies/Dogs/Beds & Furniture/Bed Blankets,item_type_keyword:pet-bed-blankets AND target_audience_keywords:dogs,See all available refinements
2975327011,Pet Supplies/Dogs/Beds & Furniture/Bed Covers,item_type_keyword:pet-bed-covers AND target_audience_keywords:dogs,See all available refinements
2975328011,Pet Supplies/Dogs/Beds & Furniture/Bed Liners,item_type_keyword:pet-bed-liners AND target_audience_keywords:dogs,See all available refinements
3024178011,Pet Supplies/Dogs/Beds & Furniture/Bed Mats,item_type_keyword:pet-bed-mats AND target_audience_keywords:dogs,See all available refinements
2975329011,Pet Supplies/Dogs/Beds & Furniture/Bed Pillows,item_type_keyword:pet-bed-pillows AND target_audience_keywords:dogs,See all available refinements
2975330011,Pet Supplies/Dogs/Beds & Furniture/Beds,item_type_keyword:pet-beds AND target_audience_keywords:dogs,See all available refinements
17602453011,Pet Supplies/Dogs/Beds & Furniture/Furniture-Style Crates,item_type_keyword:furniture-style-pet-crates AND target_audience_keywords:dogs,See all available refinements
2975331011,Pet Supplies/Dogs/Beds & Furniture/Sofas & Chairs,item_type_keyword:pet-sofas-and-chairs AND target_audience_keywords:dogs,See all available refinements
2975332011,Pet Supplies/Dogs/Beds & Furniture/Stairs & Steps,item_type_keyword:pet-stairs-and-steps AND target_audience_keywords:dogs,See all available refinements
17440052011,Pet Supplies/Dogs/Cameras & Monitors,item_type_keyword:pet-cameras-and-monitors AND target_audience_keywords:pets,See all available refinements
2975333011,Pet Supplies/Dogs/Carriers & Travel Products,,See all available refinements
2975334011,Pet Supplies/Dogs/Carriers & Travel Products/Backpacks,item_type_keyword:pet-carrier-backpacks AND target_audience_keywords:dogs,See all available refinements
2975335011,Pet Supplies/Dogs/Carriers & Travel Products/Bicycle Carriers,item_type_keyword:bicycle-pet-carriers AND target_audience_keywords:dogs,See all available refinements
3024181011,Pet Supplies/Dogs/Carriers & Travel Products/Bicycle Trailers,item_type_keyword:bicycle-pet-trailers AND target_audience_keywords:dogs,See all available refinements
2975336011,Pet Supplies/Dogs/Carriers & Travel Products/Car Travel Accessories,item_type_keyword:automotive-pet-supplies AND target_audience_keywords:dogs,See all available refinements
3024182011,Pet Supplies/Dogs/Carriers & Travel Products/Car Travel Accessories/Barriers,item_type_keyword:automotive-pet-barriers AND target_audience_keywords:dogs,See all available refinements
3024183011,Pet Supplies/Dogs/Carriers & Travel Products/Car Travel Accessories/Booster & Car Seats,item_type_keyword:automotive-pet-booster-seats AND target_audience_keywords:dogs,See all available refinements
3024184011,Pet Supplies/Dogs/Carriers & Travel Products/Car Travel Accessories/Seat Covers,item_type_keyword:automotive-pet-seat-covers AND target_audience_keywords:dogs,See all available refinements
3024191011,Pet Supplies/Dogs/Carriers & Travel Products/Car Travel Accessories/Vehicle Harnesses,item_type_keyword:automotive-pet-harnesses AND target_audience_keywords:dogs,See all available refinements
3024186011,Pet Supplies/Dogs/Carriers & Travel Products/Car Travel Accessories/Vehicle Ramps,item_type_keyword:automotive-pet-ramps,See all available refinements
2975337011,Pet Supplies/Dogs/Carriers & Travel Products/Carriers,,See all available refinements
3024187011,Pet Supplies/Dogs/Carriers & Travel Products/Carriers/Hard-Sided Carriers,item_type_keyword:hard-sided-pet-carriers AND target_audience_keywords:dogs,See all available refinements
3024188011,Pet Supplies/Dogs/Carriers & Travel Products/Carriers/Soft-Sided Carriers,item_type_keyword:soft-sided-pet-carriers AND target_audience_keywords:dogs,See all available refinements
12572592011,Pet Supplies/Dogs/Carriers & Travel Products/Purses,item_type_keyword:pet-carrier-purses AND target_audience_keywords:dogs,See all available refinements
3024189011,Pet Supplies/Dogs/Carriers & Travel Products/Slings,item_type_keyword:pet-slings AND target_audience_keywords:dogs,See all available refinements
2975338011,Pet Supplies/Dogs/Carriers & Travel Products/Strollers,item_type_keyword:pet-carrier-strollers AND target_audience_keywords:dogs,See all available refinements
2975339011,"Pet Supplies/Dogs/Collars, Harnesses & Leashes",item_type_keyword:pet-leash-collar-and-harness-supplies AND target_audience_keywords:dogs,See all available refinements
3052410011,"Pet Supplies/Dogs/Collars, Harnesses & Leashes/Collars",,See all available refinements
2975429011,"Pet Supplies/Dogs/Collars, Harnesses & Leashes/Collars/Bark Collars",item_type_keyword:barking-deterrent-collars AND target_audience_keywords:dogs,See all available refinements
3052411011,"Pet Supplies/Dogs/Collars, Harnesses & Leashes/Collars/Basic Collars",item_type_keyword:pet-collars AND target_audience_keywords:dogs,See all available refinements
23592369011,"Pet Supplies/Dogs/Collars, Harnesses & Leashes/Collars/Electronic Training Collars",item_type_keyword:electronic-pet-training-collars AND target_audience_keywords:dog,See all available refinements
2975431011,"Pet Supplies/Dogs/Collars, Harnesses & Leashes/Collars/Headcollars",item_type_keyword:pet-headcollars AND target_audience_keywords:dogs,See all available refinements
3052412011,"Pet Supplies/Dogs/Collars, Harnesses & Leashes/Collars/Pinch Collars",item_type_keyword:pet-pinch-collars AND target_audience_keywords:dogs,See all available refinements
2975430011,"Pet Supplies/Dogs/Collars, Harnesses & Leashes/Collars/Slip & Martingale Collars",item_type_keyword:pet-slip-and-martingale-collars AND target_audience_keywords:dogs,See all available refinements
2975341011,"Pet Supplies/Dogs/Collars, Harnesses & Leashes/Harnesses",item_type_keyword:pet-harnesses AND target_audience_keywords:dogs,See all available refinements
3024190011,"Pet Supplies/Dogs/Collars, Harnesses & Leashes/Harnesses/Basic Halter Harnesses",item_type_keyword:pet-halter-harnesses AND target_audience_keywords:dogs,See all available refinements
3024191011,"Pet Supplies/Dogs/Collars, Harnesses & Leashes/Harnesses/Vehicle Harnesses",item_type_keyword:automotive-pet-harnesses AND target_audience_keywords:dogs,See all available refinements
3024192011,"Pet Supplies/Dogs/Collars, Harnesses & Leashes/Harnesses/Vest Harnesses",item_type_keyword:pet-vest-harnesses AND target_audience_keywords:dogs,See all available refinements
6602294011,"Pet Supplies/Dogs/Collars, Harnesses & Leashes/ID Tags & Collar Accessories",item_type_keyword:pet-collar-accessories AND target_audience_keywords:dogs,See all available refinements
2975317011,"Pet Supplies/Dogs/Collars, Harnesses & Leashes/ID Tags & Collar Accessories/Collar Charms",item_type_keyword:pet-collar-charms AND target_audience_keywords:dogs,See all available refinements
2975342011,"Pet Supplies/Dogs/Collars, Harnesses & Leashes/ID Tags & Collar Accessories/ID Tags",item_type_keyword:pet-identification-tags AND target_audience_keywords:dogs,See all available refinements
2975343011,"Pet Supplies/Dogs/Collars, Harnesses & Leashes/Leashes",,See all available refinements
3024193011,"Pet Supplies/Dogs/Collars, Harnesses & Leashes/Leashes/Basic Leashes",item_type_keyword:pet-leashes AND target_audience_keywords:dogs,See all available refinements
3024194011,"Pet Supplies/Dogs/Collars, Harnesses & Leashes/Leashes/Double Leashes",item_type_keyword:double-pet-leashes AND target_audience_keywords:dogs,See all available refinements
3024195011,"Pet Supplies/Dogs/Collars, Harnesses & Leashes/Leashes/Hands Free Leashes",item_type_keyword:hands-free-pet-leashes AND target_audience_keywords:dogs,See all available refinements
3024196011,"Pet Supplies/Dogs/Collars, Harnesses & Leashes/Leashes/Retractable Leashes",item_type_keyword:retractable-pet-leashes AND target_audience_keywords:dogs,See all available refinements
2975433011,"Pet Supplies/Dogs/Collars, Harnesses & Leashes/Leashes/Training Leashes",item_type_keyword:pet-training-leads AND target_audience_keywords:dogs,See all available refinements
2975344011,"Pet Supplies/Dogs/Collars, Harnesses & Leashes/Muzzles",item_type_keyword:pet-muzzles AND target_audience_keywords:dogs,See all available refinements
17440053011,"Pet Supplies/Dogs/Collars, Harnesses & Leashes/Trackers",item_type_keyword:pet-location-and-activity-trackers AND target_audience_keywords:pets,See all available refinements
2975400011,"Pet Supplies/Dogs/Crates, Houses & Pens",item_type_keyword:pet-habitats AND target_audience_keywords:dogs,See all available refinements
23763994011,"Pet Supplies/Dogs/Crates, Houses & Pens/Accessories",,See all available refinements
23764006011,"Pet Supplies/Dogs/Crates, Houses & Pens/Accessories/Crate Pads",item_type_keyword:pet-habitat-pads AND target_audience_keywords:dogs,See all available refinements
17467841011,"Pet Supplies/Dogs/Crates, Houses & Pens/Accessories/Crate Replacement Pans",item_type_keyword:pet-habitat-replacement-pans AND target_audience_keywords:dogs,See all available refinements
17602454011,"Pet Supplies/Dogs/Crates, Houses & Pens/Accessories/Dog House Heaters",item_type_keyword:pet-outdoor-heaters AND target_audience_keywords:dogs,See all available refinements
2975403011,"Pet Supplies/Dogs/Crates, Houses & Pens/Accessories/Kennel Covers",item_type_keyword:pet-habitat-covers AND target_audience_keywords:dogs,See all available refinements
23764008011,"Pet Supplies/Dogs/Crates, Houses & Pens/Accessories/Kennel Covers/Crate Covers",item_type_keyword:pet-crate-covers AND target_audience_keywords:dogs,See all available refinements
23764007011,"Pet Supplies/Dogs/Crates, Houses & Pens/Accessories/Kennel Covers/Enclosure Covers",item_type_keyword:pet-enclosure-covers AND target_audience_keywords:dogs,See all available refinements
2975401011,"Pet Supplies/Dogs/Crates, Houses & Pens/Crates",,See all available refinements
3024223011,"Pet Supplies/Dogs/Crates, Houses & Pens/Crates/Basic Crates",item_type_keyword:pet-crates AND target_audience_keywords:dogs,See all available refinements
17602453011,"Pet Supplies/Dogs/Crates, Houses & Pens/Crates/Furniture-Style Crates",item_type_keyword:furniture-style-pet-crates AND target_audience_keywords:dogs,See all available refinements
2975402011,"Pet Supplies/Dogs/Crates, Houses & Pens/Dog Houses",item_type_keyword:dog-houses AND target_audience_keywords:dogs,See all available refinements
23763995011,"Pet Supplies/Dogs/Crates, Houses & Pens/Enclosures",item_type_keyword:pet-enclosures AND target_audience_keywords:dogs,See all available refinements
3024198011,"Pet Supplies/Dogs/Crates, Houses & Pens/Playpens",item_type_keyword:pet-playpens AND target_audience_keywords:dogs,See all available refinements
2975346011,"Pet Supplies/Dogs/Doors, Gates & Ramps",item_type_keyword:pet-doors-and-supplies AND target_audience_keywords:dogs,
2975348011,"Pet Supplies/Dogs/Doors, Gates & Ramps/Doorbells",item_type_keyword:pet-door-doorbells AND target_audience_keywords:dogs,
2975349011,"Pet Supplies/Dogs/Doors, Gates & Ramps/Doors",item_type_keyword:pet-doors AND target_audience_keywords:dogs,See all available refinements
17440051011,"Pet Supplies/Dogs/Doors, Gates & Ramps/Electronic Doors",item_type_keyword:electronic-pet-doors AND target_audience_keywords:dogs,See all available refinements
166868011,"Pet Supplies/Dogs/Doors, Gates & Ramps/Gates & Doorways",item_type_keyword:baby-gate-and-gate-extensions,See all available refinements
23539678011,"Pet Supplies/Dogs/Doors, Gates & Ramps/Gates & Doorways/Door & Stair Gates",item_type_keyword:indoor-safety-gates,See all available refinements
23539679011,"Pet Supplies/Dogs/Doors, Gates & Ramps/Gates & Doorways/Gate Extensions",item_type_keyword:indoor-safety-gate-extensions,See all available refinements
2975350011,"Pet Supplies/Dogs/Doors, Gates & Ramps/Safety Ramps",item_type_keyword:pet-door-safety-ramps AND target_audience_keywords:dogs,
2975351011,Pet Supplies/Dogs/Feeding & Watering Supplies,item_type_keyword:pet-feeding-and-watering-supplies AND target_audience_keywords:dogs,See all available refinements
2975352011,Pet Supplies/Dogs/Feeding & Watering Supplies/Automatic Feeders,item_type_keyword:pet-self-feeders AND target_audience_keywords:dogs,See all available refinements
17592601011,Pet Supplies/Dogs/Feeding & Watering Supplies/Bowls & Dishes,,See all available refinements
2975353011,Pet Supplies/Dogs/Feeding & Watering Supplies/Bowls & Dishes/Basic Bowls,item_type_keyword:pet-bowls AND target_audience_keywords:dogs,See all available refinements
3024200011,Pet Supplies/Dogs/Feeding & Watering Supplies/Bowls & Dishes/Raised Bowls,item_type_keyword:raised-pet-bowls AND target_audience_keywords:dogs,See all available refinements
17602455011,Pet Supplies/Dogs/Feeding & Watering Supplies/Bowls & Dishes/Slow Feeders,item_type_keyword:slow-pet-feeders AND target_audience_keywords:dogs,See all available refinements
3024201011,Pet Supplies/Dogs/Feeding & Watering Supplies/Bowls & Dishes/Travel Bowls,item_type_keyword:pet-travel-bowls AND target_audience_keywords:dogs,See all available refinements
14828689011,Pet Supplies/Dogs/Feeding & Watering Supplies/Feeding Mats,item_type_keyword:pet-food-mats AND target_audience_keywords:dogs,See all available refinements
2975354011,Pet Supplies/Dogs/Feeding & Watering Supplies/Food Storage,item_type_keyword:pet-food-storage-products AND target_audience_keywords:dogs,See all available refinements
2975355011,Pet Supplies/Dogs/Feeding & Watering Supplies/Fountains,item_type_keyword:pet-self-waterers AND target_audience_keywords:dogs,See all available refinements
2975356011,Pet Supplies/Dogs/Feeding & Watering Supplies/Nursing Supplies,item_type_keyword:pet-nursing-supplies AND target_audience_keywords:dogs,See all available refinements
2975358011,Pet Supplies/Dogs/Feeding & Watering Supplies/Water Bottles,item_type_keyword:pet-water-bottles AND target_audience_keywords:dogs,See all available refinements
2975384011,Pet Supplies/Dogs/Flea & Tick Control,item_type_keyword:pet-pest-control-supplies AND target_audience_keywords:dogs,
3024212011,Pet Supplies/Dogs/Flea & Tick Control/Carpet Flea Powders & Sprays,item_type_keyword:carpet-flea-powders-and-sprays AND target_audience_keywords:dogs,
2975388011,Pet Supplies/Dogs/Flea & Tick Control/Dog Flea Powders,item_type_keyword:pet-flea-and-tick-powders AND target_audience_keywords:dogs,
3031965011,Pet Supplies/Dogs/Flea & Tick Control/Dog Flea Sprays,item_type_keyword:pet-flea-and-tick-sprays AND target_audience_keywords:dogs,
2975386011,Pet Supplies/Dogs/Flea & Tick Control/Flea & Tick Collars,item_type_keyword:pet-flea-and-tick-collars AND target_audience_keywords:dogs,
2975387011,Pet Supplies/Dogs/Flea & Tick Control/Flea Combs,item_type_keyword:pet-flea-combs AND target_audience_keywords:dogs,See all available refinements
2975389011,Pet Supplies/Dogs/Flea & Tick Control/Flea Drops,item_type_keyword:pet-flea-drops AND target_audience_keywords:dogs,See all available refinements
3024215011,Pet Supplies/Dogs/Flea & Tick Control/Flea Shampoos,item_type_keyword:pet-flea-control-shampoos AND target_audience_keywords:dogs,
2975390011,Pet Supplies/Dogs/Flea & Tick Control/Tick Remover Tools,item_type_keyword:pet-tick-removers AND target_audience_keywords:dogs,
2975359011,Pet Supplies/Dogs/Food,item_type_keyword:pet-food AND target_audience_keywords:dogs,See all available refinements
6514321011,Pet Supplies/Dogs/Food/Dehydrated,item_type_keyword:dehydrated-pet-food AND target_audience_keywords:dogs,See all available refinements
2975360011,Pet Supplies/Dogs/Food/Dry,item_type_keyword:dry-pet-food AND target_audience_keywords:dogs,See all available refinements
6514323011,Pet Supplies/Dogs/Food/Food Toppers,item_type_keyword:pet-food-toppers AND target_audience_keywords:dogs,See all available refinements
6514322011,Pet Supplies/Dogs/Food/Freeze-Dried,item_type_keyword:freeze-dried-pet-food AND target_audience_keywords:dogs,See all available refinements
7239525011,Pet Supplies/Dogs/Food/Frozen,item_type_keyword:frozen-pet-food AND target_audience_keywords:dogs,See all available refinements
2975361011,Pet Supplies/Dogs/Food/Wet,item_type_keyword:wet-pet-food AND target_audience_keywords:dogs,See all available refinements
6514317011,Pet Supplies/Dogs/Food/Wet/Canned,item_type_keyword:canned-wet-pet-food AND target_audience_keywords:dogs,See all available refinements
6514318011,Pet Supplies/Dogs/Food/Wet/Pouches,item_type_keyword:wet-pet-food-pouches AND target_audience_keywords:dogs,See all available refinements
6514319011,Pet Supplies/Dogs/Food/Wet/Rolls,item_type_keyword:wet-pet-food-rolls AND target_audience_keywords:dogs,See all available refinements
2975362011,Pet Supplies/Dogs/Grooming,item_type_keyword:pet-grooming-supplies AND target_audience_keywords:dogs,
2975363011,Pet Supplies/Dogs/Grooming/Brushes,item_type_keyword:pet-brushes AND target_audience_keywords:dogs,See all available refinements
2975364011,Pet Supplies/Dogs/Grooming/Claw Care,item_type_keyword:pet-nail-clippers AND target_audience_keywords:dogs,
2975365011,Pet Supplies/Dogs/Grooming/Colognes,item_type_keyword:pet-colognes AND target_audience_keywords:dogs,See all available refinements
2975366011,Pet Supplies/Dogs/Grooming/Combs,item_type_keyword:pet-combs AND target_audience_keywords:dogs,See all available refinements
2975370011,Pet Supplies/Dogs/Grooming/Dander Remover Sprays,item_type_keyword:pet-dander-remover-sprays AND target_audience_keywords:dogs,
2975367011,Pet Supplies/Dogs/Grooming/Dematting Tools,,
3024202011,Pet Supplies/Dogs/Grooming/Dematting Tools/Combs,item_type_keyword:pet-dematting-combs AND target_audience_keywords:dogs,See all available refinements
3024203011,Pet Supplies/Dogs/Grooming/Dematting Tools/Rakes,item_type_keyword:pet-dematting-rakes AND target_audience_keywords:dogs,
2975368011,Pet Supplies/Dogs/Grooming/Deodorizers,item_type_keyword:pet-deodorizers AND target_audience_keywords:dogs,
3024204011,Pet Supplies/Dogs/Grooming/Electric Clippers & Blades,,
23711853011,Pet Supplies/Dogs/Grooming/Electric Clippers & Blades/Electric Clipper Kits,item_type_keyword:pet-grooming-clipper-sets AND target_audience_keywords:dogs,
3024205011,Pet Supplies/Dogs/Grooming/Electric Clippers & Blades/Electric Clippers,item_type_keyword:pet-grooming-clippers AND target_audience_keywords:dogs,See all available refinements
3024206011,Pet Supplies/Dogs/Grooming/Electric Clippers & Blades/Replacement Blades,item_type_keyword:pet-grooming-clipper-blades AND target_audience_keywords:dogs,
2975372011,Pet Supplies/Dogs/Grooming/Grooming Wipes,item_type_keyword:pet-grooming-wipes AND target_audience_keywords:dogs,
3024207011,Pet Supplies/Dogs/Grooming/Hair Removal Mitts & Rollers,item_type_keyword:pet-hair-removers AND target_audience_keywords:dogs,
3024208011,Pet Supplies/Dogs/Grooming/Scissors,item_type_keyword:pet-grooming-scissors AND target_audience_keywords:dogs,See all available refinements
2975371011,Pet Supplies/Dogs/Grooming/Shampoos & Conditioners,,See all available refinements
2975373011,Pet Supplies/Dogs/Grooming/Shampoos & Conditioners/Conditioners,item_type_keyword:pet-conditioners AND target_audience_keywords:dogs,See all available refinements
2975374011,Pet Supplies/Dogs/Grooming/Shampoos & Conditioners/Shampoos,item_type_keyword:pet-shampoos AND target_audience_keywords:dogs,See all available refinements
3024209011,Pet Supplies/Dogs/Grooming/Shampoos & Conditioners/Shampoos Plus Conditioners,item_type_keyword:pet-shampoos-plus-conditioners AND target_audience_keywords:dogs,See all available refinements
2975369011,Pet Supplies/Dogs/Grooming/Shedding Tools,item_type_keyword:pet-shedding-tools AND target_audience_keywords:dogs,
2975375011,Pet Supplies/Dogs/Grooming/Shower & Bath Supplies,item_type_keyword:pet-shower-and-bath-supplies AND target_audience_keywords:dogs,
23727018011,Pet Supplies/Dogs/Grooming/Shower & Bath Supplies/Portable Bathtubs,item_type_keyword:professional-pet-bathtubs AND target_audience_keywords:dogs,
23727017011,Pet Supplies/Dogs/Grooming/Shower & Bath Supplies/Professional Bathtubs,item_type_keyword:professional-pet-bathtubs AND target_audience_keywords:dogs,
23727019011,Pet Supplies/Dogs/Grooming/Shower & Bath Supplies/Showerheads & Sprayers,item_type_keyword:pet-showerheads AND target_audience_keywords:dogs,See all available refinements
19163264011,Pet Supplies/Dogs/Grooming/Styptic Gels & Powders,,
19163265011,Pet Supplies/Dogs/Grooming/Styptic Gels & Powders/Styptic Gels,item_type_keyword:pet-styptic-gels,
19163266011,Pet Supplies/Dogs/Grooming/Styptic Gels & Powders/Styptic Powders,item_type_keyword:pet-styptic-powders,
2975377011,Pet Supplies/Dogs/Health Supplies,item_type_keyword:pet-health-care-supplies AND target_audience_keywords:dogs,
20946272011,Pet Supplies/Dogs/Health Supplies/DNA Tests,item_type_keyword:pet-dna-tests AND target_audience_keywords:dogs,
2975378011,Pet Supplies/Dogs/Health Supplies/Dental Care,item_type_keyword:pet-dental-care-supplies AND target_audience_keywords:dogs,
2975379011,Pet Supplies/Dogs/Health Supplies/Dental Care/Toothbrushes,item_type_keyword:pet-toothbrushes AND target_audience_keywords:dogs,See all available refinements
2975380011,Pet Supplies/Dogs/Health Supplies/Dental Care/Toothpaste,item_type_keyword:pet-toothpastes AND target_audience_keywords:dogs,See all available refinements
2975381011,Pet Supplies/Dogs/Health Supplies/Digestive Remedies,item_type_keyword:pet-digestive-remedies AND target_audience_keywords:dogs,
2975382011,Pet Supplies/Dogs/Health Supplies/Ear Care,item_type_keyword:pet-ear-care-supplies AND target_audience_keywords:dogs,
2975383011,Pet Supplies/Dogs/Health Supplies/Eye Care,item_type_keyword:pet-eye-care-supplies AND target_audience_keywords:dogs,
3024218011,Pet Supplies/Dogs/Health Supplies/Hip & Joint Care,item_type_keyword:pet-hip-and-joint-care AND target_audience_keywords:dogs,
2975391011,Pet Supplies/Dogs/Health Supplies/Insect Repellents,item_type_keyword:pet-insect-repellents AND target_audience_keywords:dogs,
2975393011,Pet Supplies/Dogs/Health Supplies/Itch Remedies,item_type_keyword:pet-itch-remedies AND target_audience_keywords:dogs,
2975394011,Pet Supplies/Dogs/Health Supplies/Milk Replacers,item_type_keyword:pet-milk-replacers AND target_audience_keywords:dogs,See all available refinements
2975395011,Pet Supplies/Dogs/Health Supplies/Recovery Collars & Cones,item_type_keyword:pet-recovery-collars AND target_audience_keywords:dogs,
2975396011,Pet Supplies/Dogs/Health Supplies/Relaxants,item_type_keyword:pet-relaxants AND target_audience_keywords:dogs,
2975397011,Pet Supplies/Dogs/Health Supplies/Supplements & Vitamins,item_type_keyword:pet-supplements-and-vitamins AND target_audience_keywords:dogs,
3024216011,Pet Supplies/Dogs/Health Supplies/Supplements & Vitamins/Amino Acids,item_type_keyword:pet-amino-acids AND target_audience_keywords:dogs,See all available refinements
3024217011,Pet Supplies/Dogs/Health Supplies/Supplements & Vitamins/Antioxidants,item_type_keyword:pet-antioxidant-nutritional-supplements AND target_audience_keywords:dogs,See all available refinements
3024219011,Pet Supplies/Dogs/Health Supplies/Supplements & Vitamins/Fish Oil Supplements,item_type_keyword:pet-fish-oil-nutritional-supplements AND target_audience_keywords:dogs,See all available refinements
3024220011,Pet Supplies/Dogs/Health Supplies/Supplements & Vitamins/Herbal Supplements,item_type_keyword:pet-herbal-supplements AND target_audience_keywords:dogs,See all available refinements
3024221011,Pet Supplies/Dogs/Health Supplies/Supplements & Vitamins/Multivitamins,item_type_keyword:pet-multivitamins AND target_audience_keywords:dogs,
3024222011,Pet Supplies/Dogs/Health Supplies/Supplements & Vitamins/Probiotics,item_type_keyword:pet-probiotic-nutritional-supplements AND target_audience_keywords:dogs,See all available refinements
2975398011,Pet Supplies/Dogs/Health Supplies/Thermometers,item_type_keyword:pet-thermometers AND target_audience_keywords:dogs,See all available refinements
2975399011,Pet Supplies/Dogs/Health Supplies/Wormers,item_type_keyword:pet-wormers AND target_audience_keywords:dogs,
2975405011,Pet Supplies/Dogs/Litter & Housebreaking,item_type_keyword:pet-litter-and-house-breaking-aids AND target_audience_keywords:dogs,
2975406011,Pet Supplies/Dogs/Litter & Housebreaking/Litter Box Liners,item_type_keyword:litter-box-liners AND target_audience_keywords:dogs,See all available refinements
2975407011,Pet Supplies/Dogs/Litter & Housebreaking/Litter Boxes,item_type_keyword:litter-boxes AND target_audience_keywords:dogs,
2975409011,Pet Supplies/Dogs/Litter & Housebreaking/Odor & Stain Removers,,
23701642011,Pet Supplies/Dogs/Litter & Housebreaking/Odor & Stain Removers/Odor Removers,item_type_keyword:pet-odor-removers AND target_audience_keywords:dogs,
23701641011,Pet Supplies/Dogs/Litter & Housebreaking/Odor & Stain Removers/Stain Removers,item_type_keyword:pet-stain-removers AND target_audience_keywords:dogs,See all available refinements
2975411011,Pet Supplies/Dogs/Litter & Housebreaking/Pooper Scoopers & Bags,,
3052413011,Pet Supplies/Dogs/Litter & Housebreaking/Pooper Scoopers & Bags/Bags,item_type_keyword:pet-waste-bags AND target_audience_keywords:dogs,See all available refinements
3052414011,Pet Supplies/Dogs/Litter & Housebreaking/Pooper Scoopers & Bags/Pooper Scooper Sets,item_type_keyword:pet-waste-bag-and-shovel-sets AND target_audience_keywords:dogs,
3052415011,Pet Supplies/Dogs/Litter & Housebreaking/Pooper Scoopers & Bags/Pooper Scoopers,item_type_keyword:pet-waste-shovels AND target_audience_keywords:dogs,
23569989011,Pet Supplies/Dogs/Litter & Housebreaking/Training Pads & Trays,,
23729619011,Pet Supplies/Dogs/Litter & Housebreaking/Training Pads & Trays/Belly Bands,item_type_keyword:pet-belly-bands AND target_audience_keywords:dogs,
2975408011,Pet Supplies/Dogs/Litter & Housebreaking/Training Pads & Trays/Diapers,item_type_keyword:pet-diapers AND target_audience_keywords:dogs,
23569991011,Pet Supplies/Dogs/Litter & Housebreaking/Training Pads & Trays/Disposable Training Pads,item_type_keyword:disposable-pet-training-pads,
23569990011,Pet Supplies/Dogs/Litter & Housebreaking/Training Pads & Trays/Reusable Training Pads,item_type_keyword:reusable-pet-training-pads,
3024227011,Pet Supplies/Dogs/Litter & Housebreaking/Training Pads & Trays/Trays,item_type_keyword:pet-floor-protection-trays AND target_audience_keywords:dogs,
14051749011,Pet Supplies/Dogs/Litter & Housebreaking/Urine Detectors,item_type_keyword:black-light-flashlights AND target_audience_keywords:pets,
2975412011,Pet Supplies/Dogs/Memorials & Funerary,item_type_keyword:pet-memorial-products AND target_audience_keywords:dogs,
2975413011,Pet Supplies/Dogs/Toys,item_type_keyword:pet-toys AND target_audience_keywords:dogs,See all available refinements
17440055011,Pet Supplies/Dogs/Toys/Automatic Ball Launchers,item_type_keyword:automatic-pet-toy-ball-launchers AND target_audience_keywords:dogs,See all available refinements
17440054011,Pet Supplies/Dogs/Toys/Ball Launchers,item_type_keyword:pet-toy-ball-launchers AND target_audience_keywords:dogs,See all available refinements
2975414011,Pet Supplies/Dogs/Toys/Balls,item_type_keyword:pet-toy-balls AND target_audience_keywords:dogs,See all available refinements
2975415011,Pet Supplies/Dogs/Toys/Chew Toys,item_type_keyword:pet-chew-toys AND target_audience_keywords:dogs,See all available refinements
2975416011,Pet Supplies/Dogs/Toys/Flying Discs,item_type_keyword:pet-flying-discs AND target_audience_keywords:dogs,See all available refinements
17602456011,Pet Supplies/Dogs/Toys/Plush Toys,item_type_keyword:plush-pet-toys AND target_audience_keywords:dogs,See all available refinements
2975418011,Pet Supplies/Dogs/Toys/Ropes,item_type_keyword:pet-toy-ropes AND target_audience_keywords:dogs,See all available refinements
2975419011,Pet Supplies/Dogs/Toys/Squeak Toys,item_type_keyword:pet-squeak-toys AND target_audience_keywords:dogs,See all available refinements
2975420011,Pet Supplies/Dogs/Training & Behavior Aids,item_type_keyword:pet-training-and-behavioral-aids AND target_audience_keywords:dogs,
2975421011,Pet Supplies/Dogs/Training & Behavior Aids/Agility Equipment,item_type_keyword:pet-agility-products AND target_audience_keywords:dogs,
8204829011,Pet Supplies/Dogs/Training & Behavior Aids/Agility Equipment/Dog Treadmills,item_type_keyword:dog-treadmills,See all available refinements
8204833011,Pet Supplies/Dogs/Training & Behavior Aids/Agility Equipment/Jumps,item_type_keyword:dog-agility-jumps,
8204835011,Pet Supplies/Dogs/Training & Behavior Aids/Agility Equipment/Poles,item_type_keyword:dog-agility-poles,
8204831011,Pet Supplies/Dogs/Training & Behavior Aids/Agility Equipment/Tunnels,item_type_keyword:dog-agility-tunnels,See all available refinements
3052410011,Pet Supplies/Dogs/Training & Behavior Aids/Collars,,See all available refinements
2975429011,Pet Supplies/Dogs/Training & Behavior Aids/Collars/Bark Collars,item_type_keyword:barking-deterrent-collars AND target_audience_keywords:dogs,See all available refinements
3052411011,Pet Supplies/Dogs/Training & Behavior Aids/Collars/Basic Collars,item_type_keyword:pet-collars AND target_audience_keywords:dogs,See all available refinements
23592369011,Pet Supplies/Dogs/Training & Behavior Aids/Collars/Electronic Training Collars,item_type_keyword:electronic-pet-training-collars AND target_audience_keywords:dog,See all available refinements
2975431011,Pet Supplies/Dogs/Training & Behavior Aids/Collars/Headcollars,item_type_keyword:pet-headcollars AND target_audience_keywords:dogs,See all available refinements
3052412011,Pet Supplies/Dogs/Training & Behavior Aids/Collars/Pinch Collars,item_type_keyword:pet-pinch-collars AND target_audience_keywords:dogs,See all available refinements
2975430011,Pet Supplies/Dogs/Training & Behavior Aids/Collars/Slip & Martingale Collars,item_type_keyword:pet-slip-and-martingale-collars AND target_audience_keywords:dogs,See all available refinements
20946271011,Pet Supplies/Dogs/Training & Behavior Aids/Dog Treat Pouches,item_type_keyword:dog-treat-pouches AND target_audience_keywords:dogs,
2975423011,Pet Supplies/Dogs/Training & Behavior Aids/Dog Whistles,item_type_keyword:dog-whistles AND target_audience_keywords:dogs,
2975424011,Pet Supplies/Dogs/Training & Behavior Aids/Radio & Wireless Fences,item_type_keyword:wireless-pet-fence-products AND target_audience_keywords:dogs,
2975425011,Pet Supplies/Dogs/Training & Behavior Aids/Repellents,item_type_keyword:pet-behavior-deterrent-products AND target_audience_keywords:dogs,
3024228011,Pet Supplies/Dogs/Training & Behavior Aids/Repellents/Repellent Mats,item_type_keyword:pet-deterrent-mats AND target_audience_keywords:dogs,
3024229011,Pet Supplies/Dogs/Training & Behavior Aids/Repellents/Sonic Repellents,item_type_keyword:sonic-pet-repellents AND target_audience_keywords:dogs,
3024230011,Pet Supplies/Dogs/Training & Behavior Aids/Repellents/Spray Repellents,item_type_keyword:pet-deterrent-sprays AND target_audience_keywords:dogs,
3024231011,Pet Supplies/Dogs/Training & Behavior Aids/Sonic Bark Deterrents,item_type_keyword:sonic-barking-deterrents AND target_audience_keywords:dogs,
2975426011,Pet Supplies/Dogs/Training & Behavior Aids/Tie-Outs & Stakes,item_type_keyword:pet-tie-outs-and-stakes,
3024232011,Pet Supplies/Dogs/Training & Behavior Aids/Tie-Outs & Stakes/Stakes,item_type_keyword:pet-tie-out-stakes AND target_audience_keywords:dogs,
3024233011,Pet Supplies/Dogs/Training & Behavior Aids/Tie-Outs & Stakes/Tie-Outs,item_type_keyword:pet-tie-outs AND target_audience_keywords:dogs,See all available refinements
2975427011,Pet Supplies/Dogs/Training & Behavior Aids/Training Clickers,item_type_keyword:pet-training-clickers AND target_audience_keywords:dogs,
2975433011,Pet Supplies/Dogs/Training & Behavior Aids/Training Leashes,item_type_keyword:pet-training-leads AND target_audience_keywords:dogs,See all available refinements
2975434011,Pet Supplies/Dogs/Treats,item_type_keyword:edible-pet-treats AND target_audience_keywords:dogs,See all available refinements
3024234011,Pet Supplies/Dogs/Treats/Animal Ears,item_type_keyword:pet-treat-animal-ears AND target_audience_keywords:dogs,See all available refinements
3024235011,Pet Supplies/Dogs/Treats/Animal Ears/Cow Ears,item_type_keyword:pet-treat-cow-ears AND target_audience_keywords:dogs,See all available refinements
3024236011,Pet Supplies/Dogs/Treats/Animal Ears/Lamb Ears,item_type_keyword:pet-treat-lamb-ears AND target_audience_keywords:dogs,See all available refinements
3024237011,Pet Supplies/Dogs/Treats/Animal Ears/Pig Ears,item_type_keyword:pet-treat-pig-ears AND target_audience_keywords:dogs,See all available refinements
2975435011,Pet Supplies/Dogs/Treats/Bones,item_type_keyword:pet-treat-bones AND target_audience_keywords:dogs,See all available refinements
18198680011,Pet Supplies/Dogs/Treats/Bully Sticks,item_type_keyword:pet-treat-bully-sticks AND target_audience_keywords:dogs,See all available refinements
2975436011,"Pet Supplies/Dogs/Treats/Cookies, Biscuits & Snacks",item_type_keyword:pet-snack-treats AND target_audience_keywords:dogs,See all available refinements
2975438011,Pet Supplies/Dogs/Treats/Hooves,item_type_keyword:pet-treat-animal-hooves AND target_audience_keywords:dogs,See all available refinements
2975439011,Pet Supplies/Dogs/Treats/Jerky,item_type_keyword:pet-jerky-treats AND target_audience_keywords:dogs,See all available refinements
2975440011,Pet Supplies/Dogs/Treats/Rawhide,item_type_keyword:pet-rawhide-treats AND target_audience_keywords:dogs,See all available refinements
3024241011,Pet Supplies/Dogs/Treats/Rawhide/Bones,item_type_keyword:pet-rawhide-treat-bones AND target_audience_keywords:dogs,See all available refinements
3024242011,Pet Supplies/Dogs/Treats/Rawhide/Chips,item_type_keyword:pet-rawhide-treat-chips AND target_audience_keywords:dogs,See all available refinements
3024243011,Pet Supplies/Dogs/Treats/Rawhide/Rolls,item_type_keyword:pet-rawhide-treat-rolls AND target_audience_keywords:dogs,See all available refinements
3024244011,Pet Supplies/Dogs/Treats/Rawhide/Sticks & Twists,item_type_keyword:pet-rawhide-treat-sticks AND target_audience_keywords:dogs,See all available refinements
2975446011,Pet Supplies/Fish & Aquatic Pets,,
2975464011,Pet Supplies/Fish & Aquatic Pets/Aquarium Cleaners,item_type_keyword:aquarium-cleaning-supplies AND target_audience_keywords:fish,
3048855011,Pet Supplies/Fish & Aquatic Pets/Aquarium Cleaners/Algae Scrapers,item_type_keyword:aquarium-algae-scrapers AND target_audience_keywords:fish,
2975466011,Pet Supplies/Fish & Aquatic Pets/Aquarium Cleaners/Aquarium Cleaner Sprays,item_type_keyword:aquarium-cleaner-sprays AND target_audience_keywords:fish,See all available refinements
2975465011,Pet Supplies/Fish & Aquatic Pets/Aquarium Cleaners/Aquarium Nets,item_type_keyword:aquarium-nets AND target_audience_keywords:fish,
3048856011,Pet Supplies/Fish & Aquatic Pets/Aquarium Cleaners/Gravel Cleaners,item_type_keyword:aquarium-gravel-cleaners AND target_audience_keywords:fish,
2975467011,Pet Supplies/Fish & Aquatic Pets/Aquarium Cleaners/Water Changers,item_type_keyword:aquarium-water-changers AND target_audience_keywords:fish,
2975448011,Pet Supplies/Fish & Aquatic Pets/Aquarium Dcor,item_type_keyword:aquarium-decor AND target_audience_keywords:fish,
2975449011,Pet Supplies/Fish & Aquatic Pets/Aquarium Dcor/Backgrounds,item_type_keyword:aquarium-decor-backgrounds AND target_audience_keywords:fish,
2975450011,Pet Supplies/Fish & Aquatic Pets/Aquarium Dcor/Coral Ornaments,item_type_keyword:aquarium-decor-coral AND target_audience_keywords:fish,See all available refinements
3052458011,Pet Supplies/Fish & Aquatic Pets/Aquarium Dcor/Decorative Marbles,item_type_keyword:aquarium-decor-marbles AND target_audience_keywords:fish,See all available refinements
2975451011,Pet Supplies/Fish & Aquatic Pets/Aquarium Dcor/Decorative Rocks,item_type_keyword:aquarium-decor-rocks AND target_audience_keywords:fish,
17409478011,Pet Supplies/Fish & Aquatic Pets/Aquarium Dcor/Live Plants,item_type_keyword:aquarium-decor-live-plants AND target_audience_keywords:fish,See all available refinements
2975452011,Pet Supplies/Fish & Aquatic Pets/Aquarium Dcor/Ornaments,item_type_keyword:aquarium-decor-ornaments AND target_audience_keywords:fish,See all available refinements
2975453011,Pet Supplies/Fish & Aquatic Pets/Aquarium Dcor/Plastic Plants,item_type_keyword:aquarium-decor-plastic-plants AND target_audience_keywords:fish,See all available refinements
2975454011,Pet Supplies/Fish & Aquatic Pets/Aquarium Dcor/Tank Dividers,item_type_keyword:aquarium-decor-tank-dividers AND target_audience_keywords:fish,
2975455011,Pet Supplies/Fish & Aquatic Pets/Aquarium Dcor/Wood,item_type_keyword:pet-habitat-decor-wood AND target_audience_keywords:fish,
19171761011,Pet Supplies/Fish & Aquatic Pets/Aquarium Heaters & Chillers,item_type_keyword:aquarium-heaters-and-chillers AND target_audience_keywords:fish,See all available refinements
23128582011,Pet Supplies/Fish & Aquatic Pets/Aquarium Heaters & Chillers/Aquarium Heaters,item_type_keyword:aquarium-heaters AND target_audience_keywords:fish,See all available refinements
23128581011,Pet Supplies/Fish & Aquatic Pets/Aquarium Heaters & Chillers/Chillers,item_type_keyword:aquarium-chillers AND target_audience_keywords:fish,See all available refinements
2975457011,Pet Supplies/Fish & Aquatic Pets/Aquarium Hoods,item_type_keyword:aquarium-hoods AND target_audience_keywords:fish,See all available refinements
3048857011,Pet Supplies/Fish & Aquatic Pets/Aquarium Hydrometers,item_type_keyword:aquarium-hydrometers AND target_audience_keywords:fish,
2975458011,Pet Supplies/Fish & Aquatic Pets/Aquarium Lights,item_type_keyword:aquarium-lights AND target_audience_keywords:fish,See all available refinements
2975469011,Pet Supplies/Fish & Aquatic Pets/Aquarium Pumps & Filters,,
2975470011,Pet Supplies/Fish & Aquatic Pets/Aquarium Pumps & Filters/Air Pump Accessories,item_type_keyword:aquarium-air-pump-accessories AND target_audience_keywords:fish,
2975471011,Pet Supplies/Fish & Aquatic Pets/Aquarium Pumps & Filters/Air Pumps,item_type_keyword:aquarium-air-pumps AND target_audience_keywords:fish,See all available refinements
2975472011,Pet Supplies/Fish & Aquatic Pets/Aquarium Pumps & Filters/Filter Accessories,item_type_keyword:aquarium-filter-accessories AND target_audience_keywords:fish,
2975473011,Pet Supplies/Fish & Aquatic Pets/Aquarium Pumps & Filters/Filters,item_type_keyword:aquarium-filters AND target_audience_keywords:fish,
2975474011,Pet Supplies/Fish & Aquatic Pets/Aquarium Pumps & Filters/Water Pump Accessories,item_type_keyword:aquarium-water-pump-supplies AND target_audience_keywords:fish,
2975475011,Pet Supplies/Fish & Aquatic Pets/Aquarium Pumps & Filters/Water Pumps,item_type_keyword:aquarium-water-pumps AND target_audience_keywords:fish,
2975459011,Pet Supplies/Fish & Aquatic Pets/Aquarium Stands,item_type_keyword:aquarium-stands AND target_audience_keywords:fish,See all available refinements
2975476011,Pet Supplies/Fish & Aquatic Pets/Aquarium Substrate,item_type_keyword:pet-habitat-substrate AND target_audience_keywords:fish,See all available refinements
3048854011,Pet Supplies/Fish & Aquatic Pets/Aquarium Substrate/Gravel,item_type_keyword:aquarium-decor-gravel AND target_audience_keywords:fish,See all available refinements
3052416011,Pet Supplies/Fish & Aquatic Pets/Aquarium Substrate/Sand,item_type_keyword:pet-habitat-sand AND target_audience_keywords:fish,See all available refinements
3048858011,Pet Supplies/Fish & Aquatic Pets/Aquarium Test Kits,item_type_keyword:aquarium-test-kits AND target_audience_keywords:fish,
2975477011,Pet Supplies/Fish & Aquatic Pets/Aquarium Thermometers,item_type_keyword:aquarium-thermometers AND target_audience_keywords:fish,See all available refinements
2975478011,Pet Supplies/Fish & Aquatic Pets/Aquarium Water Treatments,item_type_keyword:aquarium-treatments AND target_audience_keywords:fish,See all available refinements
7955292011,Pet Supplies/Fish & Aquatic Pets/Aquariums & Fish Bowls,,
2975461011,Pet Supplies/Fish & Aquatic Pets/Aquariums & Fish Bowls/Aquariums,item_type_keyword:aquariums AND target_audience_keywords:fish,See all available refinements
2975468011,Pet Supplies/Fish & Aquatic Pets/Aquariums & Fish Bowls/Fish Bowls,item_type_keyword:fish-bowls AND target_audience_keywords:fish,See all available refinements
2975460011,Pet Supplies/Fish & Aquatic Pets/Aquariums & Fish Bowls/Starter Kits,item_type_keyword:aquarium-starter-kits AND target_audience_keywords:fish,See all available refinements
2975462011,Pet Supplies/Fish & Aquatic Pets/Automatic Feeders,item_type_keyword:pet-self-feeders AND target_audience_keywords:fish,See all available refinements
2975463011,Pet Supplies/Fish & Aquatic Pets/Breeding Tanks,item_type_keyword:aquarium-breeding-tanks AND target_audience_keywords:fish,See all available refinements
2975479011,Pet Supplies/Fish & Aquatic Pets/Food,item_type_keyword:pet-food AND target_audience_keywords:fish,See all available refinements
21238281011,Pet Supplies/Fish & Aquatic Pets/Medication & Health Supplies,item_type_keyword:fish-and-aquatics-medication-and-health-supplies,
2975481011,Pet Supplies/Horses,,
8399138011,Pet Supplies/Horses/Boots & Wraps,,
3407481,Pet Supplies/Horses/Boots & Wraps/Boots,item_type_keyword:horse-boots,
8399142011,Pet Supplies/Horses/Boots & Wraps/Wraps,item_type_keyword:horse-care-wraps,
8399143011,Pet Supplies/Horses/Farrier Supplies,,
8399147011,Pet Supplies/Horses/Farrier Supplies/Horseshoe Nails,item_type_keyword:equine-horseshoe-nails,
8399145011,Pet Supplies/Horses/Farrier Supplies/Horseshoes,item_type_keyword:equine-horseshoes,
8399154011,Pet Supplies/Horses/Farrier Supplies/Tools,item_type_keyword:farrier-tools,
3085142011,Pet Supplies/Horses/Food,item_type_keyword:pet-food AND target_audience_keywords:horses,See all available refinements
8399155011,Pet Supplies/Horses/Grooming & Bathing Supplies,,
3085141011,Pet Supplies/Horses/Grooming & Bathing Supplies/Brushes,item_type_keyword:horse-brushes,See all available refinements
3407491,Pet Supplies/Horses/Grooming & Bathing Supplies/Clippers,item_type_keyword:horse-clippers,See all available refinements
13279201,Pet Supplies/Horses/Grooming & Bathing Supplies/Coat Care,item_type_keyword:horse-coat-care,
3085140011,Pet Supplies/Horses/Grooming & Bathing Supplies/Curry Combs,item_type_keyword:horse-curry-combs,
8399159011,Pet Supplies/Horses/Grooming & Bathing Supplies/Hoof Picks,item_type_keyword:horse-hoof-picks,
19195847011,Pet Supplies/Horses/Grooming & Bathing Supplies/Mane & Tail Combs,item_type_keyword:horse-mane-and-tail-combs,See all available refinements
3085139011,Pet Supplies/Horses/Health Supplies,item_type_keyword:pet-health-care-supplies AND target_audience_keywords:horses,
23904579011,Pet Supplies/Horses/Health Supplies/First Aid Kits & Supplies,,
23904578011,Pet Supplies/Horses/Health Supplies/Fly & Mosquito Control,,
8399183011,Pet Supplies/Horses/Health Supplies/Fly & Mosquito Control/Fly Repellents,item_type_keyword:horse-fly-repellents,
8399181011,Pet Supplies/Horses/Health Supplies/Fly & Mosquito Control/Masks,item_type_keyword:horse-fly-control-masks,
8399172011,Pet Supplies/Horses/Health Supplies/Hip & Joint Care,item_type_keyword:pet-hip-and-joint-care AND target_audience_keywords:horses,
13279221,Pet Supplies/Horses/Health Supplies/Hoof Care,item_type_keyword:horse-hoof-care,
13279231,Pet Supplies/Horses/Health Supplies/Liniments,item_type_keyword:horse-liniments,
8399165011,Pet Supplies/Horses/Health Supplies/Probiotics & Digestive Supplements,item_type_keyword:horse-digestive-aids,See all available refinements
8399161011,Pet Supplies/Horses/Health Supplies/Salt Licks,item_type_keyword:horse-salt-licks,
3407531,Pet Supplies/Horses/Health Supplies/Vitamins & Supplements,item_type_keyword:horse-nutritional-supplements-and-remedies,
8399168011,Pet Supplies/Horses/Health Supplies/Vitamins & Supplements/Calming Supplements,item_type_keyword:horse-calming-supplements,See all available refinements
8399170011,Pet Supplies/Horses/Health Supplies/Vitamins & Supplements/Electrolyte Supplements,item_type_keyword:horse-electrolyte-supplements,See all available refinements
8399174011,"Pet Supplies/Horses/Health Supplies/Vitamins & Supplements/Skin, Coat & Hoof Supplements",item_type_keyword:horse-skin-coat-hoof-supplements,See all available refinements
8399176011,Pet Supplies/Horses/Health Supplies/Vitamins & Supplements/Vitamins & Minerals,item_type_keyword:horse-vitamins-minerals,
8399178011,Pet Supplies/Horses/Health Supplies/Vitamins & Supplements/Weight Building Supplements,item_type_keyword:horse-weight-building-supplements,See all available refinements
3407501,Pet Supplies/Horses/Health Supplies/Wormers,item_type_keyword:horse-dewormers,
8399163011,Pet Supplies/Horses/Health Supplies/Wound Care,item_type_keyword:horse-wound-care,
3407521,Pet Supplies/Horses/Horse Blankets & Sheets,item_type_keyword:horse-blankets-and-sheets AND target_audience_keywords:horses,
3085138011,Pet Supplies/Horses/Horse Blankets & Sheets/Blankets,item_type_keyword:horse-blankets,See all available refinements
3085137011,Pet Supplies/Horses/Horse Blankets & Sheets/Sheets,item_type_keyword:horse-sheets,See all available refinements
8399184011,Pet Supplies/Horses/Stable Supplies,,
3085143011,Pet Supplies/Horses/Stable Supplies/Feeding & Watering Equipment,item_type_keyword:pet-feeding-supplies AND target_audience_keywords:horses,
8399186011,Pet Supplies/Horses/Stable Supplies/Feeding & Watering Equipment/Feeding Supplies,item_type_keyword:horse-feeding-supplies,
8399188011,Pet Supplies/Horses/Stable Supplies/Feeding & Watering Equipment/Watering Supplies,item_type_keyword:horse-watering-supplies,
8399190011,Pet Supplies/Horses/Stable Supplies/Stall & Muck Supplies,item_type_keyword:horse-stall-and-muck-supplies,
8399191011,Pet Supplies/Horses/Stable Supplies/Tack Care & Storage,,
8399195011,Pet Supplies/Horses/Stable Supplies/Tack Care & Storage/Tack Care,item_type_keyword:horse-tack-care,
8399193011,Pet Supplies/Horses/Stable Supplies/Tack Care & Storage/Tack Storage,item_type_keyword:horse-tack-storage,
8399196011,Pet Supplies/Horses/Toys,,See all available refinements
8399198011,Pet Supplies/Horses/Toys/Balls,item_type_keyword:horse-toy-balls,See all available refinements
8399200011,Pet Supplies/Horses/Toys/Chew Toys,item_type_keyword:horse-chew-toys,See all available refinements
3085136011,Pet Supplies/Horses/Treats,item_type_keyword:edible-pet-treats AND target_audience_keywords:horses,See all available refinements
2975497011,Pet Supplies/Insects,,
2975498011,Pet Supplies/Insects/Food,item_type_keyword:pet-food AND target_audience_keywords:insects,See all available refinements
2975499011,Pet Supplies/Insects/Health Supplies,item_type_keyword:pet-health-care-supplies AND target_audience_keywords:insects,
2975500011,Pet Supplies/Insects/Terrariums & Accessories,item_type_keyword:pet-terrariums AND target_audience_keywords:insects,
2975504011,Pet Supplies/Reptiles & Amphibians,,
23763988011,Pet Supplies/Reptiles & Amphibians/Apparel,item_type_keyword:pet-apparel AND target_audience_keywords:reptile-and-amphibian-pets,See all available refinements
23763987011,Pet Supplies/Reptiles & Amphibians/Carriers,item_type_keyword:pet-carriers AND target_audience_keywords:reptile-and-amphibian-pets,See all available refinements
2975505011,Pet Supplies/Reptiles & Amphibians/Food,item_type_keyword:pet-food AND target_audience_keywords:reptile-and-amphibian-pets,See all available refinements
2975510011,Pet Supplies/Reptiles & Amphibians/Habitat Dcor,item_type_keyword:pet-habitat-decor AND target_audience_keywords:reptile-and-amphibian-pets,
2975511011,Pet Supplies/Reptiles & Amphibians/Habitat Dcor/Hideouts,item_type_keyword:pet-habitat-decor-hideouts AND target_audience_keywords:reptile-and-amphibian-pets,See all available refinements
2975512011,Pet Supplies/Reptiles & Amphibians/Habitat Dcor/Plants,item_type_keyword:pet-habitat-decor-plants AND target_audience_keywords:reptile-and-amphibian-pets,See all available refinements
2975513011,Pet Supplies/Reptiles & Amphibians/Habitat Dcor/Rocks,item_type_keyword:pet-habitat-decor-rocks AND target_audience_keywords:reptile-and-amphibian-pets,
2975514011,Pet Supplies/Reptiles & Amphibians/Habitat Dcor/Trees,item_type_keyword:pet-habitat-decor-trees AND target_audience_keywords:reptile-and-amphibian-pets,See all available refinements
3052459011,Pet Supplies/Reptiles & Amphibians/Habitat Dcor/Vines,item_type_keyword:pet-habitat-decor-vines AND target_audience_keywords:reptile-and-amphibian-pets,See all available refinements
3052460011,Pet Supplies/Reptiles & Amphibians/Habitat Dcor/Waterfalls,item_type_keyword:pet-habitat-decor-waterfalls AND target_audience_keywords:reptile-and-amphibian-pets,
3052461011,Pet Supplies/Reptiles & Amphibians/Habitat Dcor/Wood,item_type_keyword:pet-habitat-decor-wood AND target_audience_keywords:reptile-and-amphibian-pets,
2975515011,Pet Supplies/Reptiles & Amphibians/Habitat Lighting,item_type_keyword:pet-habitat-lights AND target_audience_keywords:reptile-and-amphibian-pets,
23763990011,Pet Supplies/Reptiles & Amphibians/Handling Tools,,
23763999011,Pet Supplies/Reptiles & Amphibians/Handling Tools/Snake Grabbers,item_type_keyword:snake-grabbers AND target_audience_keywords:snakes,
23764000011,Pet Supplies/Reptiles & Amphibians/Handling Tools/Snake Hooks,item_type_keyword:snake-hooks AND target_audience_keywords:snakes,
23763989011,Pet Supplies/Reptiles & Amphibians/Harnesses,item_type_keyword:pet-harnesses AND target_audience_keywords:reptile-and-amphibian-pets,See all available refinements
2975506011,Pet Supplies/Reptiles & Amphibians/Health Supplies,item_type_keyword:pet-health-care-supplies AND target_audience_keywords:reptile-and-amphibian-pets,
23763986011,Pet Supplies/Reptiles & Amphibians/Shipping Supplies,,
23763997011,Pet Supplies/Reptiles & Amphibians/Shipping Supplies/Cold Packs,item_type_keyword:pet-cold-packs AND target_audience_keywords:reptile-and-amphibian-pets,
23763998011,Pet Supplies/Reptiles & Amphibians/Shipping Supplies/Hot Packs,item_type_keyword:pet-hot-packs AND target_audience_keywords:reptile-and-amphibian-pets,
23763996011,Pet Supplies/Reptiles & Amphibians/Shipping Supplies/Insulated Shipping Boxes,item_type_keyword:pet-insulated-shipping-boxes AND target_audience_keywords:reptile-and-amphibian-pets,
2975508011,"Pet Supplies/Reptiles & Amphibians/Terrarium Bedding, Sand & Substrate",,
3048863011,"Pet Supplies/Reptiles & Amphibians/Terrarium Bedding, Sand & Substrate/Bedding",item_type_keyword:pet-habitat-bedding AND target_audience_keywords:reptile-and-amphibian-pets,
3048864011,"Pet Supplies/Reptiles & Amphibians/Terrarium Bedding, Sand & Substrate/Sand",item_type_keyword:pet-habitat-sand AND target_audience_keywords:reptile-and-amphibian-pets,
3048865011,"Pet Supplies/Reptiles & Amphibians/Terrarium Bedding, Sand & Substrate/Substrate",item_type_keyword:pet-habitat-substrate AND target_audience_keywords:reptile-and-amphibian-pets,
2975509011,Pet Supplies/Reptiles & Amphibians/Terrarium Bowls,item_type_keyword:pet-bowls AND target_audience_keywords:reptile-and-amphibian-pets,See all available refinements
2975517011,Pet Supplies/Reptiles & Amphibians/Terrarium Covers,item_type_keyword:pet-habitat-screen-covers AND target_audience_keywords:reptile-and-amphibian-pets,
2975516011,Pet Supplies/Reptiles & Amphibians/Terrarium Heat Lamps & Mats,,
3048866011,Pet Supplies/Reptiles & Amphibians/Terrarium Heat Lamps & Mats/Heat Lamps,item_type_keyword:pet-habitat-heat-lamps AND target_audience_keywords:reptile-and-amphibian-pets,See all available refinements
3048867011,Pet Supplies/Reptiles & Amphibians/Terrarium Heat Lamps & Mats/Heat Mats,item_type_keyword:pet-habitat-heat-mats AND target_audience_keywords:reptile-and-amphibian-pets,
3048869011,Pet Supplies/Reptiles & Amphibians/Terrarium Hygrometers,item_type_keyword:pet-habitat-hygrometers AND target_audience_keywords:reptile-and-amphibian-pets,See all available refinements
2975519011,Pet Supplies/Reptiles & Amphibians/Terrarium Thermometers,item_type_keyword:pet-habitat-thermometers AND target_audience_keywords:reptile-and-amphibian-pets,See all available refinements
2975518011,Pet Supplies/Reptiles & Amphibians/Terrariums,item_type_keyword:pet-terrariums AND target_audience_keywords:reptile-and-amphibian-pets,See all available refinements
2975520011,Pet Supplies/Small Animals,,See all available refinements
2975521011,Pet Supplies/Small Animals/Carriers,item_type_keyword:pet-carriers AND target_audience_keywords:small-animal-pets,See all available refinements
2975522011,"Pet Supplies/Small Animals/Collars, Harnesses & Leashes",,See all available refinements
3048870011,"Pet Supplies/Small Animals/Collars, Harnesses & Leashes/Collars",item_type_keyword:pet-collars AND target_audience_keywords:small-animal-pets,See all available refinements
3048871011,"Pet Supplies/Small Animals/Collars, Harnesses & Leashes/Harnesses",item_type_keyword:pet-harnesses AND target_audience_keywords:small-animal-pets,See all available refinements
3048872011,"Pet Supplies/Small Animals/Collars, Harnesses & Leashes/Leashes",item_type_keyword:pet-leashes AND target_audience_keywords:small-animal-pets,See all available refinements
2975523011,Pet Supplies/Small Animals/Exercise Wheels,item_type_keyword:pet-exercise-wheels AND target_audience_keywords:small-animal-pets,See all available refinements
2975524011,Pet Supplies/Small Animals/Feeding & Watering Supplies,item_type_keyword:pet-feeding-and-watering-supplies AND target_audience_keywords:small-animal-pets,See all available refinements
2975525011,Pet Supplies/Small Animals/Feeding & Watering Supplies/Automatic Feeders,item_type_keyword:pet-self-feeders AND target_audience_keywords:small-animal-pets,See all available refinements
2975526011,Pet Supplies/Small Animals/Feeding & Watering Supplies/Bowls,item_type_keyword:pet-bowls AND target_audience_keywords:small-animal-pets,See all available refinements
2975527011,Pet Supplies/Small Animals/Feeding & Watering Supplies/Water Bottles,item_type_keyword:pet-water-bottles AND target_audience_keywords:small-animal-pets,See all available refinements
2975528011,Pet Supplies/Small Animals/Food,item_type_keyword:pet-food AND target_audience_keywords:small-animal-pets,See all available refinements
2975529011,Pet Supplies/Small Animals/Grooming,item_type_keyword:pet-grooming-supplies AND target_audience_keywords:small-animal-pets,See all available refinements
2975530011,Pet Supplies/Small Animals/Grooming/Brushes,item_type_keyword:pet-brushes AND target_audience_keywords:small-animal-pets,See all available refinements
2975531011,Pet Supplies/Small Animals/Grooming/Combs,item_type_keyword:pet-combs AND target_audience_keywords:small-animal-pets,See all available refinements
2975532011,Pet Supplies/Small Animals/Grooming/Deodorizers,item_type_keyword:pet-deodorizers AND target_audience_keywords:small-animal-pets,See all available refinements
2975533011,Pet Supplies/Small Animals/Grooming/Nail Care,item_type_keyword:pet-nail-care AND target_audience_keywords:small-animal-pets,See all available refinements
2975534011,Pet Supplies/Small Animals/Health Supplies,item_type_keyword:pet-health-supplies AND target_audience_keywords:small-animal-pets,See all available refinements
2975535011,Pet Supplies/Small Animals/Houses & Habitats,item_type_keyword:pet-habitats AND target_audience_keywords:small-animal-pets,See all available refinements
2975536011,Pet Supplies/Small Animals/Houses & Habitats/Bedding & Litter,item_type_keyword:pet-habitat-bedding-and-litter AND target_audience_keywords:small-animal-pets,See all available refinements
3048873011,Pet Supplies/Small Animals/Houses & Habitats/Beds,item_type_keyword:pet-beds AND target_audience_keywords:small-animal-pets,See all available refinements
2975537011,Pet Supplies/Small Animals/Houses & Habitats/Cages,item_type_keyword:pet-enclosures AND target_audience_keywords:small-animal-pets,See all available refinements
2975538011,Pet Supplies/Small Animals/Houses & Habitats/Habitat Dcor,item_type_keyword:pet-habitat-decor AND target_audience_keywords:small-animal-pets,See all available refinements
17602467011,Pet Supplies/Small Animals/Houses & Habitats/Hammocks,item_type_keyword:pet-hammocks AND target_audience_keywords:small-animal-pets,See all available refinements
17592599011,Pet Supplies/Small Animals/Houses & Habitats/Outdoor Pens & Hutches,item_type_keyword:outdoor-pet-pens AND target_audience_keywords:small-animal-pets,See all available refinements
17592600011,Pet Supplies/Small Animals/Houses & Habitats/Playpens,item_type_keyword:pet-playpens AND target_audience_keywords:small-animal-pets,See all available refinements
3048876011,Pet Supplies/Small Animals/Houses & Habitats/Tubes & Tunnels,item_type_keyword:pet-habitat-tubes-and-tunnels AND target_audience_keywords:small-animal-pets,See all available refinements
2975539011,Pet Supplies/Small Animals/Odor & Stain Removers,,
23701640011,Pet Supplies/Small Animals/Odor & Stain Removers/Odor Removers,item_type_keyword:pet-odor-removers AND target_audience_keywords:small-animal-pets,
23701639011,Pet Supplies/Small Animals/Odor & Stain Removers/Stain Removers,item_type_keyword:pet-stain-removers AND target_audience_keywords:small-animal-pets,See all available refinements
2975540011,Pet Supplies/Small Animals/Toys,item_type_keyword:pet-toys AND target_audience_keywords:small-animal-pets,See all available refinements
3048877011,Pet Supplies/Small Animals/Treats,item_type_keyword:edible-pet-treats AND target_audience_keywords:small-animal-pets,See all available refinements