Categories,HSN
Toys & Games,9503
Arts & Crafts Supplies,9503
Kids' Arts & Crafts Adhesives,3506
Kids' Artist Aprons & Smocks,6307
Kids' Art Clay & Dough,3506
Craft Kits,9503
Kids' Drawing & Painting Supplies,9503
Kids' Drawing & Writing Boards,9503
Kids' Easels,9503
Craft Pipe Cleaners,5607
Kids' Printing & Stamping Supplies,9503
Kids' Stickers,4911
Baby & Toddler Toys,9503
Baby Stationary Activity Centers,9503
Balls for Babies & Toddlers,9503
Bathtub Toys,9503
Baby Car Toys & Stroller Toys,9503
Early Development & Activity Toys,9503
Kids' Indoor Climbers & Play Structures,9503
Baby Mirror Toys,9503
Baby Musical Toys,9503
Baby Rattles & Plush Rings,9503
Rocking Horses & Animals,9503
Spinning Tops,9503
Kids' Stick Horses,9503
Baby Teether Toys,9503
Building Toys,9503
Toy Building Sets,9503
Building & Construction Toy Figures,9503
Toy Interlocking Gear Sets,9503
Toy Magnetic Building Sets,9503
Toy Stacking Block Sets,9503
Toy Interlocking Building Accessories,9503
Collectible Toys,9503
Collectibles Display & Storage,9503
Collectible Postage Stamps,4907
"Statue, Maquette & Bust Action Figures",9503
Trading Cards & Accessories,9503
Dolls & Accessories,9503
Doll Accessories,9503
Dollhouse Accessories,9503
Dollhouses,9503
Dolls,9503
Paper & Magnetic Dolls,9503
Doll Playsets,9503
Kids' Dress Up & Pretend Play,9503
Kids' Costumes,9503
Kids' Dress-Up Accessories,9503
Toy Home Cleaning Products,9504
Children's Jewelry Boxes,7113
Toy Kitchen Products,9504
Magnetic & Felt Playboards,9504
Toy Medical Kits,9504
Money & Banking Play Toys,9504
Toy Construction Tools,9504
Pretend Phones & Smartphones,9504
Dress-Up Toy Purses,9504
"Shopping Carts, Baskets & Cash Registers",9504
Dress-Up Toy Vanities,9504
Games & Accessories,9505
Arcade & Table Games,9503
Board Games,9504
Card Games,9505
Casino Equipment,9506
Dice Games,9507
DVD Games,9508
Floor Games,9509
Game Accessories,9510
Game Collections,9511
Gaming Top Toys,9512
Kids' Handheld Games,9513
Stacking Games,9514
Domino & Tile Games,9515
Travel Games,9516
Kids' Electronics,9504
Electronic Dance Mats,9505
Electronic Pets,9506
Kids' Karaoke Machines,9507
Kids' MP3 Players,9508
Kids' Personal Video Players,9509
Plug & Play Video Games,9503
Storytelling Toys,9503
Kids' Tablets & Accessories,8517
Kids' Walkie Talkies,8517
Learning & Education Toys,9503
Children's Detective & Spy Kits,9503
Electronic Learning & Education Toys,9503
Educational Flash Cards,4903
Geographic Globes,9105
Habitat Science Kits,9503
Marble Runs,9503
Kids' Musical Instruments,9503
Children's Optics,9001
Reading & Writing Development Toys,9503
Kids' Rock Tumblers,9503
Educational Science Kits,9503
Solar Power Kits,8502
Novelty Toys & Amusements,9503
Executive Desk Toys,9503
Fidget Toys,9503
Flying Toys,9503
Fortune Telling Toys,9503
Gags & Practical Joke Toys,9504
Juggling Sets,9505
Magic Kits & Accessories,9506
Magnet Toys,9507
Miniature Novelty Toys,9508
Kids' Money Banks,9603
Nesting Dolls,9502
Novelty Coins,9508
Novelty Spinning Tops,9505
Prisms & Kaleidoscopes,9001
Slime & Putty Toys,9504
Toy Electronic Spy Gear,9506
Squeeze Toys,9504
Viewfinder Toys,9503
Water Balloons,9504
Spring & Wind-Up Toys,9505
Kids' Party Supplies,9505
Kids' Party Centerpieces,9505
Kids' Party Decorations,9503
Kids' Party Headwear,6505
Noisemaker Toys,9504
Kids' Party Favor Sets,9503
Kids' Party Tableware,6911
Pi√±atas,9503
Kids' Party Tablecovers,6307
Puppets & Puppet Theaters,9503
Finger Puppets,9503
Hand Puppets,9503
Marionette Puppets,9503
Plush Puppets,9503
Puppet Theaters,9503
Ventriloquist Puppets,9503
Puzzles,9503
3-D Puzzles,9503
Brain Teaser Puzzles,9503
Floor Puzzles,9503
Jigsaw Puzzles,9503
Pegged Puzzles,9503
Puzzle Accessories,9503
Puzzle Play Mats,9503
Sudoku Puzzles,9503
Hobby Remote & App Controlled Vehicles & Parts,9503
RC Vehicle Fuel,2710
RC Vehicle Oil & Lubricants,2710
Hobby RC Quadcopters & Multirotors,9503
Hobby Remote & App Controlled Vehicle Parts,9503
Remote & App Controlled Vehicles,9503
Remote- & App-Controlled Robots,9503
Toy Train Set Tracks,9503
Sports & Outdoor Play Toys,9503
Kids' Ball Pits & Accessories,9503
Bean Bags & Footbags,9503
Toy Foam Blasters & Guns,9503
Bubble Blowing Products,9503
Kids' Fitness Equipment,9503
Toy Gardening Equipment,9503
Children's Outdoor Inflatable Bouncers,9503
Kickballs & Playground Balls,9503
Kites & Wind Spinners,9503
Dice & Marble Games,9504
Nature Exploration Toys,9505
Kids' Outdoor Furniture,9401
Play Sets & Playground Equipment,9406
Kids' Play Tents & Tunnels,9404
Kids' Playhouses,9406
Pogo Sticks & Hopping Toys,9506
Swimming Pool & Outdoor Water Toys,9508
Sandboxes & Beach Toys,9503
Slumber Bags,9404
Toy Sports Products,9506
Trampolines & Accessories,9506
Yo-Yos,9505
Stuffed Animals & Plush Toys,9503
Plush Figure Toys,9503
Plush Interactive Toy Figures,9503
Kids' Plush Toy Pillows,9503
Plush Purses,9503
Kids' Plush Toy & Blanket Sets,9503
Stuffed Animal Clothing & Accessories,9503
Stuffed Animals & Teddy Bears,95030010
Toy Figures & Playsets,95030090
Action Figures,95030030
Kids' Play Animal Figures,95030040
Buildings & Scenery for Kids' Play Figures & Vehicles,95030050
Kids' Play Dinosaur & Prehistoric Creature Figures,95030060
Kids' Play Fantastic Creature Figures,95030070
Kids' Play People Figures,95030080
Play Figure Vehicles,95031090
Play Figure Playsets,95031020
"Tricycles, Scooters & Wagons",95031030
Kids' Balance Bikes,95031040
Kids' Bike Accessories,95031050
Kids' Electric Vehicles,95031060
Kids' Bicycles,95031070
Kids' Bike Helmets,95031080
Kids' Cycling Protective Gear,95031080
Kids' Tricycles,95031090
Kids' Pedal Vehicles,95031090
Kids' Pull-Along Wagons,9503
Kids' Push Ride-Ons,9503
Kids' Ride-On Parts & Accessories,9503
Scooters & Equipment,9503
Skateboards & Caster Boards,9503
Inline & Roller Skating Equipment,9503
Unicycles,9503
Toy Vehicles,9503
Kids' Play Airplanes,9503
Kids' Play Ambulances,9503
Kids' Play Armored Fighting Vehicles,9503
Kids' Play ATVs,9503
Kids' Play Boats,9503
Kids' Play Buses,9503
Kids' Play Cars & Race Cars,9503
Kids' Play Construction Vehicles,9503
Kids' Play Crawlers,9503
Finger Toys,9504
Kids' Play Helicopters,9503
Kids' Play Hovercrafts,9503
Kids' Play Motorcycles,9503
Kids' Play Rockets,9503
Kids' Play Scooters,9503
"Slot Cars, Race Tracks & Accessories",9503
Kids' Play Spaceships,9503
Kids' Play Submarines,9503
Kids' Play Tractors,9503
Kids' Play Trains & Trams,9503
Kids' Play Trucks,9503
Toy Vehicle Playsets,9503
